datetime-dronetest,T-VOC concentration (ppb)
"Jan 1, 2020, 12 AM",70.56374925456196
"Jan 1, 2020, 1 AM",72.17377032652696
"Jan 1, 2020, 2 AM",71.92908466033563
"Jan 1, 2020, 3 AM",73.04817981011188
"Jan 1, 2020, 4 AM",75.83115885697903
"Jan 1, 2020, 5 AM",72.55774983959292
"Jan 1, 2020, 6 AM",86.78246713224834
"Jan 1, 2020, 7 AM",113.39983826881536
"Jan 1, 2020, 8 AM",92.96496854067175
"Jan 1, 2020, 9 AM",38.79110259438123
"Jan 1, 2020, 10 AM",54.63473933036247
"Jan 1, 2020, 11 AM",66.41214677700512
"Jan 1, 2020, 12 PM",85.87012969188198
"Jan 1, 2020, 1 PM",95.43344786947856
"Jan 1, 2020, 2 PM",100.53717224946942
"Jan 1, 2020, 3 PM",110.53800401292763
"Jan 1, 2020, 4 PM",113.9681638350899
"Jan 1, 2020, 5 PM",124.09783394080931
"Jan 1, 2020, 6 PM",140.45000470599294
"Jan 1, 2020, 7 PM",154.62107271499264
"Jan 1, 2020, 8 PM",159.17248534953947
"Jan 1, 2020, 9 PM",162.82082310612
"Jan 1, 2020, 10 PM",168.08362595266578
"Jan 1, 2020, 11 PM",175.93633374542233
"Jan 2, 2020, 12 AM",180.56577908520978
"Jan 2, 2020, 1 AM",183.61422095053712
"Jan 2, 2020, 2 AM",185.424808341474
"Jan 2, 2020, 3 AM",187.5357633525245
"Jan 2, 2020, 4 AM",187.8695184052965
"Jan 2, 2020, 5 AM",187.79162618285025
"Jan 2, 2020, 6 AM",192.42725477761616
"Jan 2, 2020, 7 AM",189.418601657838
"Jan 2, 2020, 8 AM",192.20234529416715
"Jan 2, 2020, 9 AM",190.5676656506012
"Jan 2, 2020, 10 AM",197.50193632035538
"Jan 2, 2020, 11 AM",206.47821935792877
"Jan 2, 2020, 12 PM",210.75692449461405
"Jan 2, 2020, 1 PM",229.38756028084737
"Jan 2, 2020, 2 PM",232.2791187803835
"Jan 2, 2020, 3 PM",207.5135232552468
"Jan 2, 2020, 4 PM",202.85082775800385
"Jan 2, 2020, 5 PM",202.82340288829903
"Jan 2, 2020, 6 PM",197.2440471345595
"Jan 2, 2020, 7 PM",203.16042020120221
"Jan 2, 2020, 8 PM",178.78582757608416
"Jan 2, 2020, 9 PM",175.17335500231647
"Jan 2, 2020, 10 PM",180.76469566363102
"Jan 2, 2020, 11 PM",177.41615988599807
"Jan 3, 2020, 12 AM",172.43567131698862
"Jan 3, 2020, 1 AM",174.1280290500679
"Jan 3, 2020, 2 AM",171.23752975386068
"Jan 3, 2020, 3 AM",169.76050863227607
"Jan 3, 2020, 4 AM",174.46217148127707
"Jan 3, 2020, 5 AM",174.12239689008763
"Jan 3, 2020, 6 AM",175.31106142053008
"Jan 3, 2020, 7 AM",180.30938554426615
"Jan 3, 2020, 8 AM",190.072117274304
"Jan 3, 2020, 9 AM",184.22401993108244
"Jan 3, 2020, 10 AM",121.57870237562243
"Jan 3, 2020, 11 AM",98.13890391367103
"Jan 3, 2020, 12 PM",86.29442207097208
"Jan 3, 2020, 1 PM",81.02263341886568
"Jan 3, 2020, 2 PM",60.53825289311854
"Jan 3, 2020, 3 PM",73.93095431028783
"Jan 3, 2020, 4 PM",94.84206559713549
"Jan 3, 2020, 5 PM",113.05146668475646
"Jan 3, 2020, 6 PM",117.15975411017438
"Jan 3, 2020, 7 PM",116.19110579464332
"Jan 3, 2020, 8 PM",118.15811386113607
"Jan 3, 2020, 9 PM",111.24490371325983
"Jan 3, 2020, 10 PM",88.78646168530717
"Jan 3, 2020, 11 PM",75.62928462490544
"Jan 4, 2020, 12 AM",71.7793918693801
"Jan 4, 2020, 1 AM",71.57949892778721
"Jan 4, 2020, 2 AM",68.44397599390172
"Jan 4, 2020, 3 AM",68.89769567412223
"Jan 4, 2020, 4 AM",74.62250239923623
"Jan 4, 2020, 5 AM",79.68124464148174
"Jan 4, 2020, 6 AM",86.16731913299192
"Jan 4, 2020, 7 AM",92.40655003645007
"Jan 4, 2020, 8 AM",82.96926040915142
"Jan 4, 2020, 9 AM",65.40719898271885
"Jan 4, 2020, 10 AM",48.31805491551557
"Jan 4, 2020, 11 AM",27.067090117976495
"Jan 4, 2020, 12 PM",12.688824169006367
"Jan 4, 2020, 1 PM",8.971843134694927
"Jan 4, 2020, 2 PM",10.137691084032374
"Jan 4, 2020, 3 PM",8.225804478841654
"Jan 4, 2020, 4 PM",12.055059463348405
"Jan 4, 2020, 5 PM",23.068345388186067
"Jan 4, 2020, 6 PM",53.40488325790408
"Jan 4, 2020, 7 PM",80.85660532592776
"Jan 4, 2020, 8 PM",96.5835809039381
"Jan 4, 2020, 9 PM",67.66723211296578
"Jan 4, 2020, 10 PM",79.32975457149224
"Jan 4, 2020, 11 PM",89.01283558014292
"Jan 5, 2020, 12 AM",97.15005259186913
"Jan 5, 2020, 1 AM",102.91076066557488
"Jan 5, 2020, 2 AM",103.0809958454374
"Jan 5, 2020, 3 AM",103.92978194317337
"Jan 5, 2020, 4 AM",105.62992499419049
"Jan 5, 2020, 5 AM",111.88088888881568
"Jan 5, 2020, 6 AM",116.42359751930796
"Jan 5, 2020, 7 AM",121.7097984055645
"Jan 5, 2020, 8 AM",122.93067157873462
"Jan 5, 2020, 9 AM",127.0804879945299
"Jan 5, 2020, 10 AM",116.95092784116422
"Jan 5, 2020, 11 AM",72.60163397011732
"Jan 5, 2020, 12 PM",42.839047250533575
"Jan 5, 2020, 1 PM",38.0662828376733
"Jan 5, 2020, 2 PM",42.53149251589522
"Jan 5, 2020, 3 PM",44.16252017057097
"Jan 5, 2020, 4 PM",45.78587021163942
"Jan 5, 2020, 5 PM",48.7392065666642
"Jan 5, 2020, 6 PM",63.109861736573045
"Jan 5, 2020, 7 PM",72.44438029273057
"Jan 5, 2020, 8 PM",79.37185850809243
"Jan 5, 2020, 9 PM",87.78691105276668
"Jan 5, 2020, 10 PM",94.4255748682497
"Jan 5, 2020, 11 PM",101.69059207392996
"Jan 6, 2020, 12 AM",108.02527173887674
"Jan 6, 2020, 1 AM",114.13320387316075
"Jan 6, 2020, 2 AM",119.66844755978245
"Jan 6, 2020, 3 AM",127.709867902966
"Jan 6, 2020, 4 AM",132.53053180677466
"Jan 6, 2020, 5 AM",138.24170833774204
"Jan 6, 2020, 6 AM",147.65812681742977
"Jan 6, 2020, 7 AM",165.0153912153998
"Jan 6, 2020, 8 AM",161.20844590559807
"Jan 6, 2020, 9 AM",155.81123335365925
"Jan 6, 2020, 10 AM",148.15072226541656
"Jan 6, 2020, 11 AM",124.7912044083721
"Jan 6, 2020, 12 PM",99.69386895617603
"Jan 6, 2020, 1 PM",90.76966159667596
"Jan 6, 2020, 2 PM",84.20038027271883
"Jan 6, 2020, 3 PM",84.66794386988941
"Jan 6, 2020, 4 PM",90.53790493537717
"Jan 6, 2020, 5 PM",87.17664690339252
"Jan 6, 2020, 6 PM",94.25881999336431
"Jan 6, 2020, 7 PM",102.37116370650129
"Jan 6, 2020, 8 PM",112.06626855712145
"Jan 6, 2020, 9 PM",125.41764826237379
"Jan 6, 2020, 10 PM",139.4024178321801
"Jan 6, 2020, 11 PM",137.28355075201262
"Jan 7, 2020, 12 AM",124.48071227794284
"Jan 7, 2020, 1 AM",64.4395508914631
"Jan 7, 2020, 2 AM",43.811814735818295
"Jan 7, 2020, 3 AM",42.0239046290291
"Jan 7, 2020, 4 AM",41.458162133599295
"Jan 7, 2020, 5 AM",49.932924162028286
"Jan 7, 2020, 6 AM",61.43421473248737
"Jan 7, 2020, 7 AM",66.9387515221908
"Jan 7, 2020, 8 AM",63.227512485167
"Jan 7, 2020, 9 AM",47.16127190205277
"Jan 7, 2020, 10 AM",20.64501823836165
"Jan 7, 2020, 11 AM",13.093652561221251
"Jan 7, 2020, 12 PM",10.187390383813938
"Jan 7, 2020, 1 PM",11.171900074801592
"Jan 7, 2020, 2 PM",11.094005441801514
"Jan 7, 2020, 3 PM",13.229934421219257
"Jan 7, 2020, 4 PM",26.632281669110558
"Jan 7, 2020, 5 PM",17.874463985606884
"Jan 7, 2020, 6 PM",39.76351972907396
"Jan 7, 2020, 7 PM",53.67176355413595
"Jan 7, 2020, 8 PM",78.9352591067242
"Jan 7, 2020, 9 PM",95.37444118993965
"Jan 7, 2020, 10 PM",106.78782960445598
"Jan 7, 2020, 11 PM",111.5534193897723
"Jan 8, 2020, 12 AM",115.67085823541609
"Jan 8, 2020, 1 AM",126.4695075039875
"Jan 8, 2020, 2 AM",131.20939447650977
"Jan 8, 2020, 3 AM",130.38941073174155
"Jan 8, 2020, 4 AM",131.00317308292745
"Jan 8, 2020, 5 AM",138.28025097504664
"Jan 8, 2020, 6 AM",143.81301867817493
"Jan 8, 2020, 7 AM",155.53776659081007
"Jan 8, 2020, 8 AM",243.44510687810003
"Jan 8, 2020, 9 AM",151.72068844927915
"Jan 8, 2020, 10 AM",94.01427037765872
"Jan 8, 2020, 11 AM",90.97372099569921
"Jan 8, 2020, 12 PM",90.39865086263892
"Jan 8, 2020, 1 PM",86.23095293016762
"Jan 8, 2020, 2 PM",95.45258628580152
"Jan 8, 2020, 3 PM",106.23845602347772
"Jan 8, 2020, 4 PM",113.68705376902881
"Jan 8, 2020, 5 PM",124.4419549480681
"Jan 8, 2020, 6 PM",132.3557317088393
"Jan 8, 2020, 7 PM",141.2415437686418
"Jan 8, 2020, 8 PM",161.87194720198104
"Jan 8, 2020, 9 PM",171.8507163724909
"Jan 8, 2020, 10 PM",175.75018596583664
"Jan 8, 2020, 11 PM",181.22436303667772
"Jan 9, 2020, 12 AM",184.83712980716606
"Jan 9, 2020, 1 AM",183.19146888611579
"Jan 9, 2020, 2 AM",182.91098167603295
"Jan 9, 2020, 3 AM",181.33627299326088
"Jan 9, 2020, 4 AM",186.97830535676167
"Jan 9, 2020, 5 AM",188.35369761879952
"Jan 9, 2020, 6 AM",192.4572348342672
"Jan 9, 2020, 7 AM",192.57938723361866
"Jan 9, 2020, 8 AM",192.61594930721012
"Jan 9, 2020, 9 AM",198.8833395702605
"Jan 9, 2020, 10 AM",189.82280213968784
"Jan 9, 2020, 11 AM",180.6787402278957
"Jan 9, 2020, 12 PM",164.36465380097937
"Jan 9, 2020, 1 PM",168.9942246742398
"Jan 9, 2020, 2 PM",192.7127993294097
"Jan 9, 2020, 3 PM",188.83390260681162
"Jan 9, 2020, 4 PM",187.3491304781621
"Jan 9, 2020, 5 PM",190.73625013576225
"Jan 9, 2020, 6 PM",200.34625761885857
"Jan 9, 2020, 7 PM",205.16754465080453
"Jan 9, 2020, 8 PM",205.52264331971716
"Jan 9, 2020, 9 PM",207.87300310555062
"Jan 9, 2020, 10 PM",208.60221850697218
"Jan 9, 2020, 11 PM",210.8915032984069
"Jan 10, 2020, 12 AM",212.91019456983514
"Jan 10, 2020, 1 AM",215.299663606947
"Jan 10, 2020, 2 AM",217.798495422955
"Jan 10, 2020, 3 AM",215.42181239046786
"Jan 10, 2020, 4 AM",216.21391190685748
"Jan 10, 2020, 5 AM",216.3400790834343
"Jan 10, 2020, 6 AM",218.78515314086914
"Jan 10, 2020, 7 AM",219.37878212704166
"Jan 10, 2020, 8 AM",222.1967845140002
"Jan 10, 2020, 9 AM",216.90106796692268
"Jan 10, 2020, 10 AM",203.660872641583
"Jan 10, 2020, 11 AM",197.68785678861295
"Jan 10, 2020, 12 PM",200.0093670674915
"Jan 10, 2020, 1 PM",206.5385603387191
"Jan 10, 2020, 2 PM",209.67517645871786
"Jan 10, 2020, 3 PM",212.27055818298714
"Jan 10, 2020, 4 PM",215.21920414478583
"Jan 10, 2020, 5 PM",218.7970480182145
"Jan 10, 2020, 6 PM",221.01740182066743
"Jan 10, 2020, 7 PM",222.95115559871553
"Jan 10, 2020, 8 PM",229.42340400942916
"Jan 10, 2020, 9 PM",234.84874446712223
"Jan 10, 2020, 10 PM",237.78113727044465
"Jan 10, 2020, 11 PM",239.2831605268115
"Jan 11, 2020, 12 AM",198.4894791974844
"Jan 11, 2020, 1 AM",180.69250931076053
"Jan 11, 2020, 2 AM",175.3609478298243
"Jan 11, 2020, 3 AM",179.1824781949263
"Jan 11, 2020, 4 AM",166.5319621634841
"Jan 11, 2020, 5 AM",166.04264659459642
"Jan 11, 2020, 6 AM",164.26205340287365
"Jan 11, 2020, 7 AM",162.96197790046878
"Jan 11, 2020, 8 AM",141.01004865242197
"Jan 11, 2020, 9 AM",122.88955714527782
"Jan 11, 2020, 10 AM",111.35645088150768
"Jan 11, 2020, 11 AM",99.57344252300996
"Jan 11, 2020, 12 PM",101.18519296984424
"Jan 11, 2020, 1 PM",92.89658233683144
"Jan 11, 2020, 2 PM",80.82703506340961
"Jan 11, 2020, 3 PM",69.48659110066117
"Jan 11, 2020, 4 PM",63.72021393919786
"Jan 11, 2020, 5 PM",71.39847598541637
"Jan 11, 2020, 6 PM",80.35376622989561
"Jan 11, 2020, 7 PM",87.74519089964718
"Jan 11, 2020, 8 PM",92.70898099335088
"Jan 11, 2020, 9 PM",97.24622645374944
"Jan 11, 2020, 10 PM",100.93396265029538
"Jan 11, 2020, 11 PM",104.95264256217405
"Jan 12, 2020, 12 AM",111.56050304886983
"Jan 12, 2020, 1 AM",109.71041994046098
"Jan 12, 2020, 2 AM",116.42212708153701
"Jan 12, 2020, 3 AM",116.85240537095967
"Jan 12, 2020, 4 AM",121.85644805712447
"Jan 12, 2020, 5 AM",120.45947552672231
"Jan 12, 2020, 6 AM",120.30770103794748
"Jan 12, 2020, 7 AM",131.62177474824486
"Jan 12, 2020, 8 AM",160.3929326808986
"Jan 12, 2020, 9 AM",174.4568384743918
"Jan 12, 2020, 10 AM",168.654853663092
"Jan 12, 2020, 11 AM",133.5230507860659
"Jan 12, 2020, 12 PM",118.36546728182168
"Jan 12, 2020, 1 PM",121.87839373821724
"Jan 12, 2020, 2 PM",125.30684113411884
"Jan 12, 2020, 3 PM",130.84904644157228
"Jan 12, 2020, 4 PM",134.6786714460754
"Jan 12, 2020, 5 PM",136.4700221517452
"Jan 12, 2020, 6 PM",141.7729021257689
"Jan 12, 2020, 7 PM",150.08821566764655
"Jan 12, 2020, 8 PM",151.7470297750855
"Jan 12, 2020, 9 PM",157.9069009051588
"Jan 12, 2020, 10 PM",163.84916773484025
"Jan 12, 2020, 11 PM",154.90376196590145
"Jan 13, 2020, 12 AM",154.25391042997416
"Jan 13, 2020, 1 AM",183.14930697958673
"Jan 13, 2020, 2 AM",173.05167352164295
"Jan 13, 2020, 3 AM",197.16783526564447
"Jan 13, 2020, 4 AM",227.56125005325308
"Jan 13, 2020, 5 AM",207.81924293642373
"Jan 13, 2020, 6 AM",222.06366771104032
"Jan 13, 2020, 7 AM",229.6611050962086
"Jan 13, 2020, 8 AM",211.96449711685912
"Jan 13, 2020, 9 AM",233.27130703753582
"Jan 13, 2020, 10 AM",240.26862863646335
"Jan 13, 2020, 11 AM",237.77126243711885
"Jan 13, 2020, 12 PM",235.7902609507453
"Jan 13, 2020, 1 PM",242.47998263659224
"Jan 13, 2020, 2 PM",223.39042804315707
"Jan 13, 2020, 3 PM",205.1502066362332
"Jan 13, 2020, 4 PM",209.40455202919182
"Jan 13, 2020, 5 PM",211.19210898986069
"Jan 13, 2020, 6 PM",211.0962918899312
"Jan 13, 2020, 7 PM",213.64047345312727
"Jan 13, 2020, 8 PM",223.30667938044115
"Jan 13, 2020, 9 PM",234.36988273404
"Jan 13, 2020, 10 PM",223.2196475435545
"Jan 13, 2020, 11 PM",222.14778398319908
"Jan 14, 2020, 12 AM",235.09066884402404
"Jan 14, 2020, 1 AM",241.6451367710355
"Jan 14, 2020, 2 AM",240.63177373370291
"Jan 14, 2020, 3 AM",244.3779965234325
"Jan 14, 2020, 4 AM",244.29756424915593
"Jan 14, 2020, 5 AM",240.63872456536276
"Jan 14, 2020, 6 AM",245.07797016943587
"Jan 14, 2020, 7 AM",245.2505826898677
"Jan 14, 2020, 8 AM",243.7786395281312
"Jan 14, 2020, 9 AM",245.8271966442772
"Jan 14, 2020, 10 AM",251.83393266630975
"Jan 14, 2020, 11 AM",258.09948608742314
"Jan 14, 2020, 12 PM",261.8171999300664
"Jan 14, 2020, 1 PM",237.52478452423466
"Jan 14, 2020, 2 PM",242.3900653668995
"Jan 14, 2020, 3 PM",232.58807174310084
"Jan 14, 2020, 4 PM",235.89907937217893
"Jan 14, 2020, 5 PM",228.6557933083101
"Jan 14, 2020, 6 PM",238.4934860669847
"Jan 14, 2020, 7 PM",244.11263800778988
"Jan 14, 2020, 8 PM",243.5460094659186
"Jan 14, 2020, 9 PM",236.78348791164095
"Jan 14, 2020, 10 PM",232.20211113339127
"Jan 14, 2020, 11 PM",226.5264311514408
"Jan 15, 2020, 12 AM",227.1993639862473
"Jan 15, 2020, 1 AM",232.15655824226678
"Jan 15, 2020, 2 AM",233.51557082718764
"Jan 15, 2020, 3 AM",241.28641682803413
"Jan 15, 2020, 4 AM",238.45330814305046
"Jan 15, 2020, 5 AM",235.44086043239503
"Jan 15, 2020, 6 AM",241.64251470110295
"Jan 15, 2020, 7 AM",248.1889511076793
"Jan 15, 2020, 8 AM",252.50138363520904
"Jan 15, 2020, 9 AM",252.95781059708273
"Jan 15, 2020, 10 AM",260.9353257815851
"Jan 15, 2020, 11 AM",248.83982764266355
"Jan 15, 2020, 12 PM",246.67250035734452
"Jan 15, 2020, 1 PM",228.40013150188005
"Jan 15, 2020, 2 PM",219.57683265778974
"Jan 15, 2020, 3 PM",201.32249404870083
"Jan 15, 2020, 4 PM",194.1483555213727
"Jan 15, 2020, 5 PM",207.4350881049709
"Jan 15, 2020, 6 PM",222.19495851955494
"Jan 15, 2020, 7 PM",230.47882156701073
"Jan 15, 2020, 8 PM",230.24841843162727
"Jan 15, 2020, 9 PM",231.84946168275184
"Jan 15, 2020, 10 PM",230.60937474608633
"Jan 15, 2020, 11 PM",233.24973499227013
"Jan 16, 2020, 12 AM",234.80139757617494
"Jan 16, 2020, 1 AM",237.52953331506873
"Jan 16, 2020, 2 AM",236.33246203779365
"Jan 16, 2020, 3 AM",241.43266212896575
"Jan 16, 2020, 4 AM",242.18519129951113
"Jan 16, 2020, 5 AM",252.04896129004885
"Jan 16, 2020, 6 AM",247.9805420126529
"Jan 16, 2020, 7 AM",283.03368337457744
"Jan 16, 2020, 8 AM",249.0476495505133
"Jan 16, 2020, 9 AM",244.07192316265198
"Jan 16, 2020, 10 AM",241.03844378896196
"Jan 16, 2020, 11 AM",240.06237804410608
"Jan 16, 2020, 12 PM",232.34718510957677
"Jan 16, 2020, 1 PM",230.0136437570675
"Jan 16, 2020, 2 PM",240.42405993523576
"Jan 16, 2020, 3 PM",264.81449086599207
"Jan 16, 2020, 4 PM",229.35821540510221
"Jan 16, 2020, 5 PM",225.10777160026365
"Jan 16, 2020, 6 PM",230.90193641976722
"Jan 16, 2020, 7 PM",226.63274516562547
"Jan 16, 2020, 8 PM",229.34038936032175
"Jan 16, 2020, 9 PM",227.08181984442356
"Jan 16, 2020, 10 PM",224.5756719978667
"Jan 16, 2020, 11 PM",220.00723611610667
"Jan 17, 2020, 12 AM",212.52435453697396
"Jan 17, 2020, 1 AM",203.7808097420632
"Jan 17, 2020, 2 AM",199.75350747710434
"Jan 17, 2020, 3 AM",200.62846355374586
"Jan 17, 2020, 4 AM",200.19218707766282
"Jan 17, 2020, 5 AM",211.91835943984117
"Jan 17, 2020, 6 AM",227.98034530767674
"Jan 17, 2020, 7 AM",225.3465694889869
"Jan 17, 2020, 8 AM",208.33791512230806
"Jan 17, 2020, 9 AM",205.57457267329147
"Jan 17, 2020, 10 AM",210.43034388151955
"Jan 17, 2020, 11 AM",217.75081949142458
"Jan 17, 2020, 12 PM",217.45762504739167
"Jan 17, 2020, 1 PM",205.36416387576227
"Jan 17, 2020, 2 PM",203.83693345911553
"Jan 17, 2020, 3 PM",205.45190079961273
"Jan 17, 2020, 4 PM",207.91140202107871
"Jan 17, 2020, 5 PM",209.24030654073206
"Jan 17, 2020, 6 PM",214.081877176979
"Jan 17, 2020, 7 PM",218.36715589366634
"Jan 17, 2020, 8 PM",220.04719492663506
"Jan 17, 2020, 9 PM",219.149996898017
"Jan 17, 2020, 10 PM",223.21891955633032
"Jan 17, 2020, 11 PM",230.99597212049542
"Jan 18, 2020, 12 AM",237.55184660560425
"Jan 18, 2020, 1 AM",243.79398993423823
"Jan 18, 2020, 2 AM",246.181871569459
"Jan 18, 2020, 3 AM",247.91727220908928
"Jan 18, 2020, 4 AM",248.95449707074152
"Jan 18, 2020, 5 AM",255.27152088192835
"Jan 18, 2020, 6 AM",258.23113486316583
"Jan 18, 2020, 7 AM",251.49126040183847
"Jan 18, 2020, 8 AM",263.0049966611685
"Jan 18, 2020, 9 AM",264.4958840682334
"Jan 18, 2020, 10 AM",270.6318693178466
"Jan 18, 2020, 11 AM",279.4136454948017
"Jan 18, 2020, 12 PM",274.15449222659225
"Jan 18, 2020, 1 PM",254.67190289478992
"Jan 18, 2020, 2 PM",256.36643536225864
"Jan 18, 2020, 3 PM",256.42567110416695
"Jan 18, 2020, 4 PM",253.21738646565794
"Jan 18, 2020, 5 PM",238.20095689626197
"Jan 18, 2020, 6 PM",216.3905500520065
"Jan 18, 2020, 7 PM",191.00174611224287
"Jan 18, 2020, 8 PM",159.51115717741297
"Jan 18, 2020, 9 PM",133.52816598106574
"Jan 18, 2020, 10 PM",119.19158212179424
"Jan 18, 2020, 11 PM",117.1709138575482
"Jan 19, 2020, 12 AM",119.58690931651047
"Jan 19, 2020, 1 AM",107.24523463331644
"Jan 19, 2020, 2 AM",92.14874224651898
"Jan 19, 2020, 3 AM",86.91444253802048
"Jan 19, 2020, 4 AM",76.2666868561312
"Jan 19, 2020, 5 AM",66.70712181013515
"Jan 19, 2020, 6 AM",59.727132902578944
"Jan 19, 2020, 7 AM",59.82278813975351
"Jan 19, 2020, 8 AM",55.5047395061363
"Jan 19, 2020, 9 AM",46.06453624838482
"Jan 19, 2020, 10 AM",33.74222795380011
"Jan 19, 2020, 11 AM",29.839849572939023
"Jan 19, 2020, 12 PM",27.076233348247257
"Jan 19, 2020, 1 PM",27.588947277605044
"Jan 19, 2020, 2 PM",26.780752217387235
"Jan 19, 2020, 3 PM",28.495153970295977
"Jan 19, 2020, 4 PM",33.78136570404426
"Jan 19, 2020, 5 PM",40.96080825256349
"Jan 19, 2020, 6 PM",47.165728660230776
"Jan 19, 2020, 7 PM",72.12771549237513
"Jan 19, 2020, 8 PM",92.98434698204971
"Jan 19, 2020, 9 PM",102.46551277921354
"Jan 19, 2020, 10 PM",111.08295830798292
"Jan 19, 2020, 11 PM",109.79270419179028
"Jan 20, 2020, 12 AM",114.40565791296238
"Jan 20, 2020, 1 AM",113.43894442499894
"Jan 20, 2020, 2 AM",119.95114398403263
"Jan 20, 2020, 3 AM",125.39694521184576
"Jan 20, 2020, 4 AM",122.46936991001789
"Jan 20, 2020, 5 AM",117.82903515367725
"Jan 20, 2020, 6 AM",122.48911475556167
"Jan 20, 2020, 7 AM",125.83307344875432
"Jan 20, 2020, 8 AM",115.29101934233503
"Jan 20, 2020, 9 AM",72.93917296043583
"Jan 20, 2020, 10 AM",60.238382420550074
"Jan 20, 2020, 11 AM",45.86607781045384
"Jan 20, 2020, 12 PM",41.45743896748244
"Jan 20, 2020, 1 PM",43.1648884068336
"Jan 20, 2020, 2 PM",41.43652123936259
"Jan 20, 2020, 3 PM",43.344085354759436
"Jan 20, 2020, 4 PM",47.1679426747907
"Jan 20, 2020, 5 PM",53.02362233571287
"Jan 20, 2020, 6 PM",68.86343524193741
"Jan 20, 2020, 7 PM",88.84899626998534
"Jan 20, 2020, 8 PM",103.27539150253422
"Jan 20, 2020, 9 PM",108.09439436687937
"Jan 20, 2020, 10 PM",111.52539910341851
"Jan 20, 2020, 11 PM",147.5417266315373
"Jan 21, 2020, 12 AM",171.81500842526293
"Jan 21, 2020, 1 AM",149.47665019579156
"Jan 21, 2020, 2 AM",132.87166008194848
"Jan 21, 2020, 3 AM",132.68486509832616
"Jan 21, 2020, 4 AM",132.20585656844978
"Jan 21, 2020, 5 AM",144.68688852374342
"Jan 21, 2020, 6 AM",164.74294440725933
"Jan 21, 2020, 7 AM",158.954631206918
"Jan 21, 2020, 8 AM",146.24464583708095
"Jan 21, 2020, 9 AM",95.64335768238722
"Jan 21, 2020, 10 AM",67.65370126668051
"Jan 21, 2020, 11 AM",65.34685438609803
"Jan 21, 2020, 12 PM",63.63632425908901
"Jan 21, 2020, 1 PM",55.226448310494796
"Jan 21, 2020, 2 PM",55.321155350434864
"Jan 21, 2020, 3 PM",61.76042050447794
"Jan 21, 2020, 4 PM",76.84266938377571
"Jan 21, 2020, 5 PM",99.4272773830284
"Jan 21, 2020, 6 PM",109.59245259826912
"Jan 21, 2020, 7 PM",118.87254444743675
"Jan 21, 2020, 8 PM",126.92222825959772
"Jan 21, 2020, 9 PM",134.21199557578663
"Jan 21, 2020, 10 PM",135.2965674271793
"Jan 21, 2020, 11 PM",137.48825713772754
"Jan 22, 2020, 12 AM",139.352070947359
"Jan 22, 2020, 1 AM",134.1865720781896
"Jan 22, 2020, 2 AM",146.85690485930513
"Jan 22, 2020, 3 AM",141.68307226828657
"Jan 22, 2020, 4 AM",161.35937570275854
"Jan 22, 2020, 5 AM",157.7249449888485
"Jan 22, 2020, 6 AM",167.02115653751315
"Jan 22, 2020, 7 AM",166.278432673732
"Jan 22, 2020, 8 AM",168.57722721407282
"Jan 22, 2020, 9 AM",175.2719065988234
"Jan 22, 2020, 10 AM",181.7432508224412
"Jan 22, 2020, 11 AM",181.54883108593424
"Jan 22, 2020, 12 PM",188.04808705534379
"Jan 22, 2020, 1 PM",192.56856482545578
"Jan 22, 2020, 2 PM",197.10959131840306
"Jan 22, 2020, 3 PM",196.1097174595718
"Jan 22, 2020, 4 PM",198.41977149647946
"Jan 22, 2020, 5 PM",192.68292681902028
"Jan 22, 2020, 6 PM",187.9811152389199
"Jan 22, 2020, 7 PM",192.14602342762305
"Jan 22, 2020, 8 PM",197.11726867514804
"Jan 22, 2020, 9 PM",204.4242324497636
"Jan 22, 2020, 10 PM",207.2688389425223
"Jan 22, 2020, 11 PM",210.90996086874537
"Jan 23, 2020, 12 AM",216.23323200098
"Jan 23, 2020, 1 AM",218.74886898238765
"Jan 23, 2020, 2 AM",227.13923561827127
"Jan 23, 2020, 3 AM",234.65968290108606
"Jan 23, 2020, 4 AM",225.0351756903639
"Jan 23, 2020, 5 AM",215.37747162796148
"Jan 23, 2020, 6 AM",213.89390099239435
"Jan 23, 2020, 7 AM",198.73700259913204
"Jan 23, 2020, 8 AM",197.9760396914561
"Jan 23, 2020, 9 AM",190.9150818847992
"Jan 23, 2020, 10 AM",187.2489261704572
"Jan 23, 2020, 11 AM",169.33688609121933
"Jan 23, 2020, 12 PM",157.24579071464152
"Jan 23, 2020, 1 PM",153.6423700592907
"Jan 23, 2020, 2 PM",150.54716460676988
"Jan 23, 2020, 3 PM",143.70124386079002
"Jan 23, 2020, 4 PM",141.39583005439582
"Jan 23, 2020, 5 PM",139.88538311804425
"Jan 23, 2020, 6 PM",143.73597873465926
"Jan 23, 2020, 7 PM",148.38315950962323
"Jan 23, 2020, 8 PM",147.81465250759223
"Jan 23, 2020, 9 PM",153.55505595269187
"Jan 23, 2020, 10 PM",156.93194280973853
"Jan 23, 2020, 11 PM",160.05921803406136
"Jan 24, 2020, 12 AM",161.85463822097407
"Jan 24, 2020, 1 AM",163.62755468360712
"Jan 24, 2020, 2 AM",164.30630152701036
"Jan 24, 2020, 3 AM",164.5285216198226
"Jan 24, 2020, 4 AM",166.3293563283558
"Jan 24, 2020, 5 AM",167.23995384465294
"Jan 24, 2020, 6 AM",172.17582534253754
"Jan 24, 2020, 7 AM",189.33708159091864
"Jan 24, 2020, 8 AM",181.5077826853645
"Jan 24, 2020, 9 AM",162.5776441720852
"Jan 24, 2020, 10 AM",109.58096115277549
"Jan 24, 2020, 11 AM",90.93678528628095
"Jan 24, 2020, 12 PM",60.02956820430852
"Jan 24, 2020, 1 PM",48.81752720671494
"Jan 24, 2020, 2 PM",41.92845152271181
"Jan 24, 2020, 3 PM",34.56908886014989
"Jan 24, 2020, 4 PM",32.00364823487313
"Jan 24, 2020, 5 PM",40.48576525150951
"Jan 24, 2020, 6 PM",73.32372739056473
"Jan 24, 2020, 7 PM",123.51892500094525
"Jan 24, 2020, 8 PM",145.36042196184115
"Jan 24, 2020, 9 PM",107.57948562835698
"Jan 24, 2020, 10 PM",117.38674039257542
"Jan 24, 2020, 11 PM",125.33609079299188
"Jan 25, 2020, 12 AM",130.00682187106997
"Jan 25, 2020, 1 AM",134.17618911199435
"Jan 25, 2020, 2 AM",147.6877525226835
"Jan 25, 2020, 3 AM",160.45729687585236
"Jan 25, 2020, 4 AM",168.37187834360796
"Jan 25, 2020, 5 AM",164.98211472653273
"Jan 25, 2020, 6 AM",175.66899490062062
"Jan 25, 2020, 7 AM",164.24340415399683
"Jan 25, 2020, 8 AM",144.21138813987926
"Jan 25, 2020, 9 AM",139.3610961202631
"Jan 25, 2020, 10 AM",126.45222055663699
"Jan 25, 2020, 11 AM",112.28184233153678
"Jan 25, 2020, 12 PM",99.24990884010134
"Jan 25, 2020, 1 PM",102.83889549811386
"Jan 25, 2020, 2 PM",117.20708412724571
"Jan 25, 2020, 3 PM",125.48902837393784
"Jan 25, 2020, 4 PM",124.81972608002083
"Jan 25, 2020, 5 PM",132.02073826325207
"Jan 25, 2020, 6 PM",138.7927984378871
"Jan 25, 2020, 7 PM",147.0755731203368
"Jan 25, 2020, 8 PM",153.14108433020613
"Jan 25, 2020, 9 PM",156.98078906510148
"Jan 25, 2020, 10 PM",160.8640046640532
"Jan 25, 2020, 11 PM",176.0734641203308
"Jan 26, 2020, 12 AM",193.86920824048673
"Jan 26, 2020, 1 AM",204.92728114541782
"Jan 26, 2020, 2 AM",213.62474820591626
"Jan 26, 2020, 3 AM",232.90268395696134
"Jan 26, 2020, 4 AM",247.07945172023875
"Jan 26, 2020, 5 AM",242.9773859339793
"Jan 26, 2020, 6 AM",234.7910196661192
"Jan 26, 2020, 7 AM",245.87995777719624
"Jan 26, 2020, 8 AM",248.6380615199726
"Jan 26, 2020, 9 AM",239.63634280551446
"Jan 26, 2020, 10 AM",223.53744289360606
"Jan 26, 2020, 11 AM",201.5526023555812
"Jan 26, 2020, 12 PM",176.97089880802432
"Jan 26, 2020, 1 PM",159.8599018660467
"Jan 26, 2020, 2 PM",144.08668899051943
"Jan 26, 2020, 3 PM",127.37597608043016
"Jan 26, 2020, 4 PM",121.52549108374623
"Jan 26, 2020, 5 PM",132.6325669300322
"Jan 26, 2020, 6 PM",140.5291455952678
"Jan 26, 2020, 7 PM",170.46689943903104
"Jan 26, 2020, 8 PM",192.00334782468238
"Jan 26, 2020, 9 PM",207.0600498889048
"Jan 26, 2020, 10 PM",199.90913262786495
"Jan 26, 2020, 11 PM",201.8744088670275
"Jan 27, 2020, 12 AM",208.45336922514008
"Jan 27, 2020, 1 AM",207.762193566742
"Jan 27, 2020, 2 AM",221.74039076182308
"Jan 27, 2020, 3 AM",195.12192448813656
"Jan 27, 2020, 4 AM",209.13504489131648
"Jan 27, 2020, 5 AM",202.11578002184987
"Jan 27, 2020, 6 AM",192.13432549449283
"Jan 27, 2020, 7 AM",189.80444095198095
"Jan 27, 2020, 8 AM",188.84705134145187
"Jan 27, 2020, 9 AM",186.53397642596738
"Jan 27, 2020, 10 AM",187.71117154179638
"Jan 27, 2020, 11 AM",189.6267120312723
"Jan 27, 2020, 12 PM",191.29247697037124
"Jan 27, 2020, 1 PM",182.52296569075784
"Jan 27, 2020, 2 PM",166.83622587021244
"Jan 27, 2020, 3 PM",164.72942120087413
"Jan 27, 2020, 4 PM",168.1533436958387
"Jan 27, 2020, 5 PM",173.48972175471235
"Jan 27, 2020, 6 PM",181.73024907261546
"Jan 27, 2020, 7 PM",184.17776743152524
"Jan 27, 2020, 8 PM",181.1267211475801
"Jan 27, 2020, 9 PM",181.2602055599827
"Jan 27, 2020, 10 PM",179.68769168637542
"Jan 27, 2020, 11 PM",180.068450135909
"Jan 28, 2020, 12 AM",182.1350533592931
"Jan 28, 2020, 1 AM",186.65685922309697
"Jan 28, 2020, 2 AM",187.46724278947414
"Jan 28, 2020, 3 AM",186.42390210604407
"Jan 28, 2020, 4 AM",190.59115722562854
"Jan 28, 2020, 5 AM",199.79978388461222
"Jan 28, 2020, 6 AM",202.75026066196355
"Jan 28, 2020, 7 AM",207.7742704408934
"Jan 28, 2020, 8 AM",222.1208293853096
"Jan 28, 2020, 9 AM",229.6980420109038
"Jan 28, 2020, 10 AM",223.77880922732092
"Jan 28, 2020, 11 AM",213.4843250146224
"Jan 28, 2020, 12 PM",210.53164619644537
"Jan 28, 2020, 1 PM",223.41040486561684
"Jan 28, 2020, 2 PM",237.95191777004706
"Jan 28, 2020, 3 PM",250.1370776105703
"Jan 28, 2020, 4 PM",259.7507961411229
"Jan 28, 2020, 5 PM",295.5461858891892
"Jan 28, 2020, 6 PM",293.15895644706103
"Jan 28, 2020, 7 PM",278.7906945924203
"Jan 28, 2020, 8 PM",240.10401237097375
"Jan 28, 2020, 9 PM",210.3716867811772
"Jan 28, 2020, 10 PM",182.48405659734135
"Jan 28, 2020, 11 PM",174.89938225455677
"Jan 29, 2020, 12 AM",173.8286145673258
"Jan 29, 2020, 1 AM",169.62988298839878
"Jan 29, 2020, 2 AM",161.45882165421415
"Jan 29, 2020, 3 AM",165.05673794926298
"Jan 29, 2020, 4 AM",164.19391584172223
"Jan 29, 2020, 5 AM",166.92694669403707
"Jan 29, 2020, 6 AM",169.98740836870056
"Jan 29, 2020, 7 AM",174.55950427613553
"Jan 29, 2020, 8 AM",175.95139034059616
"Jan 29, 2020, 9 AM",176.79510851587148
"Jan 29, 2020, 10 AM",170.8105777809699
"Jan 29, 2020, 11 AM",166.42318790260447
"Jan 29, 2020, 12 PM",159.49088229655035
"Jan 29, 2020, 1 PM",153.43648814551935
"Jan 29, 2020, 2 PM",148.21959057012214
"Jan 29, 2020, 3 PM",146.52004135196023
"Jan 29, 2020, 4 PM",148.39490533115674
"Jan 29, 2020, 5 PM",155.9517477863554
"Jan 29, 2020, 6 PM",159.79209131798717
"Jan 29, 2020, 7 PM",161.94716250451805
"Jan 29, 2020, 8 PM",165.0897016757732
"Jan 29, 2020, 9 PM",169.55969598237576
"Jan 29, 2020, 10 PM",170.73495662884224
"Jan 29, 2020, 11 PM",173.7551996520402
"Jan 30, 2020, 12 AM",173.57391034348285
"Jan 30, 2020, 1 AM",178.5463113433235
"Jan 30, 2020, 2 AM",184.8550450424343
"Jan 30, 2020, 3 AM",191.4797179360701
"Jan 30, 2020, 4 AM",195.22962110785124
"Jan 30, 2020, 5 AM",198.11571968376532
"Jan 30, 2020, 6 AM",198.78935328588355
"Jan 30, 2020, 7 AM",198.1651042410464
"Jan 30, 2020, 8 AM",200.68405092259468
"Jan 30, 2020, 9 AM",205.94971019754234
"Jan 30, 2020, 10 AM",200.1969358684968
"Jan 30, 2020, 11 AM",193.32980345503276
"Jan 30, 2020, 12 PM",193.24747942956688
"Jan 30, 2020, 1 PM",193.56970899319157
"Jan 30, 2020, 2 PM",207.21426147665326
"Jan 30, 2020, 3 PM",211.32815461559397
"Jan 30, 2020, 4 PM",201.9669331505714
"Jan 30, 2020, 5 PM",202.86143419438437
"Jan 30, 2020, 6 PM",205.32443071874852
"Jan 30, 2020, 7 PM",208.43288675015717
"Jan 30, 2020, 8 PM",206.7325225891557
"Jan 30, 2020, 9 PM",203.80018215705698
"Jan 30, 2020, 10 PM",202.3377510403108
"Jan 30, 2020, 11 PM",207.10575157693646
"Jan 31, 2020, 12 AM",208.78243040493493
"Jan 31, 2020, 1 AM",211.4334705024682
"Jan 31, 2020, 2 AM",217.16546352562867
"Jan 31, 2020, 3 AM",223.33741273513047
"Jan 31, 2020, 4 AM",229.08202630950694
"Jan 31, 2020, 5 AM",236.1976529668447
"Jan 31, 2020, 6 AM",239.6520620263412
"Jan 31, 2020, 7 AM",243.64807188573312
"Jan 31, 2020, 8 AM",242.39720398847032
"Jan 31, 2020, 9 AM",231.69404678364816
"Jan 31, 2020, 10 AM",221.23206404024074
"Jan 31, 2020, 11 AM",200.47706511135192
"Jan 31, 2020, 12 PM",179.19204237786073
"Jan 31, 2020, 1 PM",159.87509873543345
"Jan 31, 2020, 2 PM",144.1280131129902
"Jan 31, 2020, 3 PM",136.2500812860778
"Jan 31, 2020, 4 PM",139.78457496663162
"Jan 31, 2020, 5 PM",147.00206207928164
"Jan 31, 2020, 6 PM",151.43191445533517
"Jan 31, 2020, 7 PM",158.029472740858
"Jan 31, 2020, 8 PM",177.16143017955503
"Jan 31, 2020, 9 PM",190.5351207647892
"Jan 31, 2020, 10 PM",202.92031679017234
"Jan 31, 2020, 11 PM",216.30387136124028
"Feb 1, 2020, 12 AM",223.31091899040106
"Feb 1, 2020, 1 AM",231.16816520457942
"Feb 1, 2020, 2 AM",235.77417291519922
"Feb 1, 2020, 3 AM",249.92021335017145
"Feb 1, 2020, 4 AM",252.14405281330744
"Feb 1, 2020, 5 AM",252.4066178577803
"Feb 1, 2020, 6 AM",250.25044836270965
"Feb 1, 2020, 7 AM",259.40431881760026
"Feb 1, 2020, 8 AM",242.37945772524196
"Feb 1, 2020, 9 AM",211.3661835111255
"Feb 1, 2020, 10 AM",159.2664441652679
"Feb 1, 2020, 11 AM",100.48596847256546
"Feb 1, 2020, 12 PM",78.55451567311731
"Feb 1, 2020, 1 PM",62.01861370845512
"Feb 1, 2020, 2 PM",53.94941890695711
"Feb 1, 2020, 3 PM",56.486137823506006
"Feb 1, 2020, 4 PM",52.40725028888981
"Feb 1, 2020, 5 PM",55.94065439916104
"Feb 1, 2020, 6 PM",76.79000842714638
"Feb 1, 2020, 7 PM",104.83526546974744
"Feb 1, 2020, 8 PM",133.86619250587466
"Feb 1, 2020, 9 PM",120.09706444309144
"Feb 1, 2020, 10 PM",113.96352017550207
"Feb 1, 2020, 11 PM",131.19315660133918
"Feb 2, 2020, 12 AM",148.9775699137209
"Feb 2, 2020, 1 AM",165.42487724452602
"Feb 2, 2020, 2 AM",176.37736021761646
"Feb 2, 2020, 3 AM",185.4972177594775
"Feb 2, 2020, 4 AM",191.9302660954695
"Feb 2, 2020, 5 AM",201.64621379885418
"Feb 2, 2020, 6 AM",214.28230292870418
"Feb 2, 2020, 7 AM",224.664175477801
"Feb 2, 2020, 8 AM",227.4160648130798
"Feb 2, 2020, 9 AM",184.76105875805743
"Feb 2, 2020, 10 AM",123.0490092476599
"Feb 2, 2020, 11 AM",95.61835742148865
"Feb 2, 2020, 12 PM",83.36197817946275
"Feb 2, 2020, 1 PM",78.65288675471605
"Feb 2, 2020, 2 PM",85.36588836314137
"Feb 2, 2020, 3 PM",84.43023916727954
"Feb 2, 2020, 4 PM",87.56356247089295
"Feb 2, 2020, 5 PM",89.54952415754997
"Feb 2, 2020, 6 PM",98.07856654871128
"Feb 2, 2020, 7 PM",100.71600038267556
"Feb 2, 2020, 8 PM",107.10041459203207
"Feb 2, 2020, 9 PM",123.42640071740125
"Feb 2, 2020, 10 PM",143.32236869523214
"Feb 2, 2020, 11 PM",164.5818398703003
"Feb 3, 2020, 12 AM",179.95611769090613
"Feb 3, 2020, 1 AM",191.95841895239846
"Feb 3, 2020, 2 AM",203.89563887920474
"Feb 3, 2020, 3 AM",215.26770602144546
"Feb 3, 2020, 4 AM",228.68980622133955
"Feb 3, 2020, 5 AM",244.6680205558368
"Feb 3, 2020, 6 AM",257.988681369722
"Feb 3, 2020, 7 AM",265.2393285551023
"Feb 3, 2020, 8 AM",273.1619913264541
"Feb 3, 2020, 9 AM",266.7080892902057
"Feb 3, 2020, 10 AM",248.09427555312743
"Feb 3, 2020, 11 AM",218.4396188687307
"Feb 3, 2020, 12 PM",200.2346007704163
"Feb 3, 2020, 1 PM",186.60127064897122
"Feb 3, 2020, 2 PM",185.91009378529637
"Feb 3, 2020, 3 PM",191.41569845029892
"Feb 3, 2020, 4 PM",198.01016277067868
"Feb 3, 2020, 5 PM",206.5206402823434
"Feb 3, 2020, 6 PM",215.04878763879552
"Feb 3, 2020, 7 PM",222.84663243409696
"Feb 3, 2020, 8 PM",236.65769629735817
"Feb 3, 2020, 9 PM",243.79436477534225
"Feb 3, 2020, 10 PM",252.3725157931433
"Feb 3, 2020, 11 PM",255.70450936273372
"Feb 4, 2020, 12 AM",257.37028032821644
"Feb 4, 2020, 1 AM",259.8210973406377
"Feb 4, 2020, 2 AM",262.0695378990508
"Feb 4, 2020, 3 AM",267.2110826616762
"Feb 4, 2020, 4 AM",268.1830538283144
"Feb 4, 2020, 5 AM",270.0937517680806
"Feb 4, 2020, 6 AM",272.3285496084409
"Feb 4, 2020, 7 AM",280.00425044132885
"Feb 4, 2020, 8 AM",284.5253946956155
"Feb 4, 2020, 9 AM",285.6170343512336
"Feb 4, 2020, 10 AM",276.0548655120441
"Feb 4, 2020, 11 AM",258.56831468097965
"Feb 4, 2020, 12 PM",243.9062514331463
"Feb 4, 2020, 1 PM",230.49198439561417
"Feb 4, 2020, 2 PM",223.19038824246653
"Feb 4, 2020, 3 PM",226.18439238839122
"Feb 4, 2020, 4 PM",227.64829153235462
"Feb 4, 2020, 5 PM",240.22360913513558
"Feb 4, 2020, 6 PM",257.80712448970155
"Feb 4, 2020, 7 PM",271.7299006441404
"Feb 4, 2020, 8 PM",281.75704842259114
"Feb 4, 2020, 9 PM",285.4358973449597
"Feb 4, 2020, 10 PM",295.0952761467317
"Feb 4, 2020, 11 PM",305.6066197987218
"Feb 5, 2020, 12 AM",283.88470197107847
"Feb 5, 2020, 1 AM",243.2125318338125
"Feb 5, 2020, 2 AM",250.718727058418
"Feb 5, 2020, 3 AM",255.35234072187097
"Feb 5, 2020, 4 AM",261.934593896369
"Feb 5, 2020, 5 AM",265.6563345690063
"Feb 5, 2020, 6 AM",276.08378750085035
"Feb 5, 2020, 7 AM",290.1751274855041
"Feb 5, 2020, 8 AM",309.1685516070261
"Feb 5, 2020, 9 AM",326.11879400889313
"Feb 5, 2020, 10 AM",327.8361513683638
"Feb 5, 2020, 11 AM",328.31153973955844
"Feb 5, 2020, 12 PM",324.0408810312003
"Feb 5, 2020, 1 PM",304.9991952135932
"Feb 5, 2020, 2 PM",294.5214920440823
"Feb 5, 2020, 3 PM",296.09209912109486
"Feb 5, 2020, 4 PM",303.37238964376314
"Feb 5, 2020, 5 PM",303.8647850157909
"Feb 5, 2020, 6 PM",303.39887921862356
"Feb 5, 2020, 7 PM",298.3851215246767
"Feb 5, 2020, 8 PM",291.77752082374457
"Feb 5, 2020, 9 PM",284.8183636653956
"Feb 5, 2020, 10 PM",280.78502397105143
"Feb 5, 2020, 11 PM",294.53355686546536
"Feb 6, 2020, 12 AM",330.27312550845113
"Feb 6, 2020, 1 AM",336.49811283876005
"Feb 6, 2020, 2 AM",334.860511604082
"Feb 6, 2020, 3 AM",327.0823599246192
"Feb 6, 2020, 4 AM",318.57219158590914
"Feb 6, 2020, 5 AM",310.19689503046925
"Feb 6, 2020, 6 AM",307.051872104362
"Feb 6, 2020, 7 AM",295.6208906986555
"Feb 6, 2020, 8 AM",280.3984772182706
"Feb 6, 2020, 9 AM",261.1212766861112
"Feb 6, 2020, 10 AM",231.51320199869335
"Feb 6, 2020, 11 AM",180.70031588899195
"Feb 6, 2020, 12 PM",124.5048595527426
"Feb 6, 2020, 1 PM",94.30782293471923
"Feb 6, 2020, 2 PM",69.28838211552318
"Feb 6, 2020, 3 PM",55.330410914453104
"Feb 6, 2020, 4 PM",50.01355718405747
"Feb 6, 2020, 5 PM",49.028180675447025
"Feb 6, 2020, 6 PM",49.19492952394811
"Feb 6, 2020, 7 PM",58.070644036645
"Feb 6, 2020, 8 PM",78.86336063719587
"Feb 6, 2020, 9 PM",95.7395411864826
"Feb 6, 2020, 10 PM",98.95515235725595
"Feb 6, 2020, 11 PM",110.27579723700177
"Feb 7, 2020, 12 AM",122.60637199098039
"Feb 7, 2020, 1 AM",133.3679907125669
"Feb 7, 2020, 2 AM",138.40105814711038
"Feb 7, 2020, 3 AM",143.53570835672937
"Feb 7, 2020, 4 AM",148.24763616728984
"Feb 7, 2020, 5 AM",157.15867346652524
"Feb 7, 2020, 6 AM",168.7557907791287
"Feb 7, 2020, 7 AM",172.81177400986837
"Feb 7, 2020, 8 AM",170.4537426368119
"Feb 7, 2020, 9 AM",161.90045923141474
"Feb 7, 2020, 10 AM",141.34027281746842
"Feb 7, 2020, 11 AM",95.84157992557063
"Feb 7, 2020, 12 PM",82.54687354361931
"Feb 7, 2020, 1 PM",76.3983404529814
"Feb 7, 2020, 2 PM",75.78374326525065
"Feb 7, 2020, 3 PM",84.21739571049017
"Feb 7, 2020, 4 PM",88.51875040995533
"Feb 7, 2020, 5 PM",95.54737907535832
"Feb 7, 2020, 6 PM",113.86222629751433
"Feb 7, 2020, 7 PM",129.95087894554698
"Feb 7, 2020, 8 PM",148.46193559852787
"Feb 7, 2020, 9 PM",163.58440456669135
"Feb 7, 2020, 10 PM",179.27042724750422
"Feb 7, 2020, 11 PM",194.46639520395416
"Feb 8, 2020, 12 AM",209.12187483105163
"Feb 8, 2020, 1 AM",227.9481668260306
"Feb 8, 2020, 2 AM",240.83839675661048
"Feb 8, 2020, 3 AM",241.18069417997788
"Feb 8, 2020, 4 AM",242.24305292700402
"Feb 8, 2020, 5 AM",221.76378639098007
"Feb 8, 2020, 6 AM",176.56313918248242
"Feb 8, 2020, 7 AM",167.49374778808598
"Feb 8, 2020, 8 AM",152.17929026866628
"Feb 8, 2020, 9 AM",141.21666203311455
"Feb 8, 2020, 10 AM",159.15648735983876
"Feb 8, 2020, 11 AM",171.2114724782209
"Feb 8, 2020, 12 PM",170.8048072440692
"Feb 8, 2020, 1 PM",178.7321144428868
"Feb 8, 2020, 2 PM",181.9934297122453
"Feb 8, 2020, 3 PM",187.69544991041602
"Feb 8, 2020, 4 PM",197.78696670492792
"Feb 8, 2020, 5 PM",205.24068808241694
"Feb 8, 2020, 6 PM",219.40393263930906
"Feb 8, 2020, 7 PM",238.56373679461228
"Feb 8, 2020, 8 PM",251.10983607571853
"Feb 8, 2020, 9 PM",262.3127302272107
"Feb 8, 2020, 10 PM",274.07798961921196
"Feb 8, 2020, 11 PM",286.21897613191953
"Feb 9, 2020, 12 AM",283.0275018355727
"Feb 9, 2020, 1 AM",289.38888199883064
"Feb 9, 2020, 2 AM",293.75278454101937
"Feb 9, 2020, 3 AM",297.5984963757918
"Feb 9, 2020, 4 AM",303.8508869683019
"Feb 9, 2020, 5 AM",313.1971159944451
"Feb 9, 2020, 6 AM",317.57053058162415
"Feb 9, 2020, 7 AM",319.9099223480187
"Feb 9, 2020, 8 AM",318.15345911982104
"Feb 9, 2020, 9 AM",315.78371486622507
"Feb 9, 2020, 10 AM",310.2407791609937
"Feb 9, 2020, 11 AM",290.27899221903726
"Feb 9, 2020, 12 PM",277.57819203693685
"Feb 9, 2020, 1 PM",276.49278598576626
"Feb 9, 2020, 2 PM",278.67675247977274
"Feb 9, 2020, 3 PM",279.74533407123477
"Feb 9, 2020, 4 PM",282.205642828198
"Feb 9, 2020, 5 PM",282.59084931310883
"Feb 9, 2020, 6 PM",293.17461564114836
"Feb 9, 2020, 7 PM",312.56104318359735
"Feb 9, 2020, 8 PM",323.6342194128792
"Feb 9, 2020, 9 PM",331.39878530875995
"Feb 9, 2020, 10 PM",336.6714593728005
"Feb 9, 2020, 11 PM",341.53053183435225
"Feb 10, 2020, 12 AM",340.2480232422024
"Feb 10, 2020, 1 AM",338.4436526693168
"Feb 10, 2020, 2 AM",336.21214764534204
"Feb 10, 2020, 3 AM",346.08095579195356
"Feb 10, 2020, 4 AM",343.82567909244085
"Feb 10, 2020, 5 AM",346.7041032137392
"Feb 10, 2020, 6 AM",355.9519587477299
"Feb 10, 2020, 7 AM",359.24546334622636
"Feb 10, 2020, 8 AM",355.9713323680002
"Feb 10, 2020, 9 AM",345.5444750081651
"Feb 10, 2020, 10 AM",322.30160384576925
"Feb 10, 2020, 11 AM",298.72339332332723
"Feb 10, 2020, 12 PM",306.800634553152
"Feb 10, 2020, 1 PM",330.59621796282886
"Feb 10, 2020, 2 PM",326.7222062273498
"Feb 10, 2020, 3 PM",328.0065396086678
"Feb 10, 2020, 4 PM",329.41778623293993
"Feb 10, 2020, 5 PM",319.61991465600744
"Feb 10, 2020, 6 PM",330.4666169524737
"Feb 10, 2020, 7 PM",337.6200918110134
"Feb 10, 2020, 8 PM",335.41637806090915
"Feb 10, 2020, 9 PM",293.4218873746454
"Feb 10, 2020, 10 PM",282.8921938392787
"Feb 10, 2020, 11 PM",292.77929326753963
"Feb 11, 2020, 12 AM",295.33919646211575
"Feb 11, 2020, 1 AM",297.3947973545503
"Feb 11, 2020, 2 AM",302.3003211863411
"Feb 11, 2020, 3 AM",301.57293901102554
"Feb 11, 2020, 4 AM",305.0462630732274
"Feb 11, 2020, 5 AM",327.7095883166579
"Feb 11, 2020, 6 AM",335.6346922693727
"Feb 11, 2020, 7 AM",329.459838342635
"Feb 11, 2020, 8 AM",323.7600238011208
"Feb 11, 2020, 9 AM",321.1701272918478
"Feb 11, 2020, 10 AM",326.1604905619141
"Feb 11, 2020, 11 AM",328.2508263282182
"Feb 11, 2020, 12 PM",346.5265791123372
"Feb 11, 2020, 1 PM",342.69638891074584
"Feb 11, 2020, 2 PM",332.70998981409906
"Feb 11, 2020, 3 PM",318.1126412136321
"Feb 11, 2020, 4 PM",321.04069863608373
"Feb 11, 2020, 5 PM",328.45927655084733
"Feb 11, 2020, 6 PM",329.3954705318507
"Feb 11, 2020, 7 PM",320.4579674076367
"Feb 11, 2020, 8 PM",321.59405945074735
"Feb 11, 2020, 9 PM",324.60992519488474
"Feb 11, 2020, 10 PM",323.1058121662677
"Feb 11, 2020, 11 PM",329.3600787820919
"Feb 12, 2020, 12 AM",341.5782190579437
"Feb 12, 2020, 1 AM",368.6870828042902
"Feb 12, 2020, 2 AM",363.86865348378285
"Feb 12, 2020, 3 AM",348.2846659262271
"Feb 12, 2020, 4 AM",354.71991148193723
"Feb 12, 2020, 5 AM",361.2352428639816
"Feb 12, 2020, 6 AM",363.56695219566154
"Feb 12, 2020, 7 AM",365.24315478298377
"Feb 12, 2020, 8 AM",343.96244065262954
"Feb 12, 2020, 9 AM",346.7465277539843
"Feb 12, 2020, 10 AM",333.2320905452987
"Feb 12, 2020, 11 AM",318.2255057494893
"Feb 12, 2020, 12 PM",309.5305938759372
"Feb 12, 2020, 1 PM",324.007961304284
"Feb 12, 2020, 2 PM",318.278529494454
"Feb 12, 2020, 3 PM",315.82211498703015
"Feb 12, 2020, 4 PM",317.5076295927801
"Feb 12, 2020, 5 PM",315.95156413250055
"Feb 12, 2020, 6 PM",317.90770919416104
"Feb 12, 2020, 7 PM",314.0366512034706
"Feb 12, 2020, 8 PM",314.4708441446593
"Feb 12, 2020, 9 PM",318.8471923757192
"Feb 12, 2020, 10 PM",318.36629413967233
"Feb 12, 2020, 11 PM",322.43289344900734
"Feb 13, 2020, 12 AM",322.4127797887439
"Feb 13, 2020, 1 AM",326.6315031171433
"Feb 13, 2020, 2 AM",328.94712561855414
"Feb 13, 2020, 3 AM",330.77490025753485
"Feb 13, 2020, 4 AM",326.0226201470128
"Feb 13, 2020, 5 AM",318.1677270609468
"Feb 13, 2020, 6 AM",313.4176334490111
"Feb 13, 2020, 7 AM",304.01581705401907
"Feb 13, 2020, 8 AM",294.013166527777
"Feb 13, 2020, 9 AM",279.288206305449
"Feb 13, 2020, 10 AM",268.6353438654979
"Feb 13, 2020, 11 AM",251.23819054791974
"Feb 13, 2020, 12 PM",229.94050032545505
"Feb 13, 2020, 1 PM",215.03928162018948
"Feb 13, 2020, 2 PM",200.42403775055683
"Feb 13, 2020, 3 PM",200.6986841889694
"Feb 13, 2020, 4 PM",174.52032989337826
"Feb 13, 2020, 5 PM",171.31289893666346
"Feb 13, 2020, 6 PM",178.3744533553668
"Feb 13, 2020, 7 PM",191.56261056061533
"Feb 13, 2020, 8 PM",195.6171598034892
"Feb 13, 2020, 9 PM",196.17715312829
"Feb 13, 2020, 10 PM",200.91862552119565
"Feb 13, 2020, 11 PM",205.6088073572634
"Feb 14, 2020, 12 AM",220.06035052357743
"Feb 14, 2020, 1 AM",237.08849961121362
"Feb 14, 2020, 2 AM",244.26939933945826
"Feb 14, 2020, 3 AM",255.808506832241
"Feb 14, 2020, 4 AM",278.33153346529326
"Feb 14, 2020, 5 AM",288.8410547386691
"Feb 14, 2020, 6 AM",299.33776994539215
"Feb 14, 2020, 7 AM",301.04837464404704
"Feb 14, 2020, 8 AM",272.98022834409016
"Feb 14, 2020, 9 AM",239.1181412506066
"Feb 14, 2020, 10 AM",223.39879959491734
"Feb 14, 2020, 11 AM",198.97439703186402
"Feb 14, 2020, 12 PM",181.9524731992174
"Feb 14, 2020, 1 PM",169.14379471163502
"Feb 14, 2020, 2 PM",156.76481068319558
"Feb 14, 2020, 3 PM",145.28435934967052
"Feb 14, 2020, 4 PM",133.3699491222271
"Feb 14, 2020, 5 PM",130.1026498184912
"Feb 14, 2020, 6 PM",140.27864085238946
"Feb 14, 2020, 7 PM",165.45130851897824
"Feb 14, 2020, 8 PM",181.00860401516064
"Feb 14, 2020, 9 PM",203.43631268842367
"Feb 14, 2020, 10 PM",220.60927820151346
"Feb 14, 2020, 11 PM",229.70571721395712
"Feb 15, 2020, 12 AM",222.22810604379794
"Feb 15, 2020, 1 AM",221.39516210512863
"Feb 15, 2020, 2 AM",214.5676070374839
"Feb 15, 2020, 3 AM",225.55356132661404
"Feb 15, 2020, 4 AM",271.4117413004769
"Feb 15, 2020, 5 AM",253.7129050558101
"Feb 15, 2020, 6 AM",239.54053558107938
"Feb 15, 2020, 7 AM",242.33959801415796
"Feb 15, 2020, 8 AM",280.79087438493684
"Feb 15, 2020, 9 AM",285.39688450611015
"Feb 15, 2020, 10 AM",260.7959792165953
"Feb 15, 2020, 11 AM",239.25673603690183
"Feb 15, 2020, 12 PM",230.0977515922881
"Feb 15, 2020, 1 PM",228.98602591029473
"Feb 15, 2020, 2 PM",230.11201604394304
"Feb 15, 2020, 3 PM",233.2696376610431
"Feb 15, 2020, 4 PM",241.80348122398198
"Feb 15, 2020, 5 PM",254.9928560504596
"Feb 15, 2020, 6 PM",266.6715223955072
"Feb 15, 2020, 7 PM",275.45748932010946
"Feb 15, 2020, 8 PM",285.49598478021016
"Feb 15, 2020, 9 PM",291.922449893985
"Feb 15, 2020, 10 PM",297.83583829006665
"Feb 15, 2020, 11 PM",309.2764311177844
"Feb 16, 2020, 12 AM",317.0823223414128
"Feb 16, 2020, 1 AM",319.9859849601897
"Feb 16, 2020, 2 AM",335.13077083471904
"Feb 16, 2020, 3 AM",334.6846062672649
"Feb 16, 2020, 4 AM",338.6149586987908
"Feb 16, 2020, 5 AM",338.2238607914214
"Feb 16, 2020, 6 AM",340.084189958429
"Feb 16, 2020, 7 AM",339.91889105799214
"Feb 16, 2020, 8 AM",340.3851934787273
"Feb 16, 2020, 9 AM",335.4972003114057
"Feb 16, 2020, 10 AM",322.8369986751055
"Feb 16, 2020, 11 AM",298.09328663294355
"Feb 16, 2020, 12 PM",261.85050223518624
"Feb 16, 2020, 1 PM",245.20158336434338
"Feb 16, 2020, 2 PM",237.4900375975967
"Feb 16, 2020, 3 PM",225.930957617463
"Feb 16, 2020, 4 PM",224.80533388798028
"Feb 16, 2020, 5 PM",231.38282742415262
"Feb 16, 2020, 6 PM",248.52396760171672
"Feb 16, 2020, 7 PM",272.2278161841936
"Feb 16, 2020, 8 PM",277.17488319258507
"Feb 16, 2020, 9 PM",276.4505273785552
"Feb 16, 2020, 10 PM",283.0574927397155
"Feb 16, 2020, 11 PM",287.6487804040268
"Feb 17, 2020, 12 AM",297.6248268541067
"Feb 17, 2020, 1 AM",307.20070571759493
"Feb 17, 2020, 2 AM",315.8234950290363
"Feb 17, 2020, 3 AM",319.3500338823047
"Feb 17, 2020, 4 AM",327.34317305057397
"Feb 17, 2020, 5 AM",331.9776858116857
"Feb 17, 2020, 6 AM",338.9417309217464
"Feb 17, 2020, 7 AM",349.44430738984636
"Feb 17, 2020, 8 AM",359.4122577619688
"Feb 17, 2020, 9 AM",360.5952601349957
"Feb 17, 2020, 10 AM",360.1282683833759
"Feb 17, 2020, 11 AM",344.21625026466194
"Feb 17, 2020, 12 PM",323.82767599135235
"Feb 17, 2020, 1 PM",321.12742377860906
"Feb 17, 2020, 2 PM",287.8771709638023
"Mar 2, 2020, 12 PM",136.19723592208868
"Mar 3, 2020, 2 PM",397.23727009827775
"Mar 3, 2020, 3 PM",312.7927202966235
"Mar 3, 2020, 4 PM",302.21705780308145
"Mar 3, 2020, 5 PM",313.3408332074013
"Mar 3, 2020, 6 PM",324.2419102851593
"Mar 3, 2020, 7 PM",327.43655345196095
"Mar 3, 2020, 8 PM",344.4275714567754
"Mar 3, 2020, 9 PM",358.9404644206127
"Mar 3, 2020, 10 PM",363.98641144369725
"Mar 3, 2020, 11 PM",406.04240213025355
"Mar 4, 2020, 12 AM",398.97193951026736
"Mar 4, 2020, 1 AM",389.72042837155624
"Mar 4, 2020, 2 AM",379.8515198176058
"Mar 4, 2020, 3 AM",372.2399159775672
"Mar 4, 2020, 4 AM",373.71186637096497
"Mar 4, 2020, 5 AM",373.76415851287476
"Mar 4, 2020, 6 AM",376.1759633131037
"Mar 4, 2020, 7 AM",379.34220182384496
"Mar 4, 2020, 8 AM",383.4534069232254
"Mar 4, 2020, 9 AM",379.92402843767115
"Mar 4, 2020, 10 AM",391.7903554138676
"Mar 4, 2020, 11 AM",380.06372846284836
"Mar 4, 2020, 12 PM",349.5230421008191
"Mar 4, 2020, 1 PM",337.3729042136173
"Mar 4, 2020, 2 PM",316.09405919471936
"Mar 4, 2020, 3 PM",313.5475225205359
"Mar 4, 2020, 4 PM",301.3516839270206
"Mar 4, 2020, 5 PM",300.79855585922246
"Mar 4, 2020, 6 PM",287.43762189171457
"Mar 4, 2020, 7 PM",280.83147172546023
"Mar 4, 2020, 8 PM",274.19691797211453
"Mar 4, 2020, 9 PM",273.04605574515375
"Mar 4, 2020, 10 PM",267.52836215323094
"Mar 4, 2020, 11 PM",264.20185656882995
"Mar 5, 2020, 12 AM",265.7548900579648
"Mar 5, 2020, 1 AM",267.11511972324644
"Mar 5, 2020, 2 AM",266.4670977975946
"Mar 5, 2020, 3 AM",268.66422470965136
"Mar 5, 2020, 4 AM",268.9673247993298
"Mar 5, 2020, 5 AM",271.88093509292224
"Mar 5, 2020, 6 AM",273.7961019465711
"Mar 5, 2020, 7 AM",275.37483745933713
"Mar 5, 2020, 8 AM",266.9602203112092
"Mar 5, 2020, 9 AM",251.8719651776717
"Mar 5, 2020, 10 AM",236.91552189189255
"Mar 5, 2020, 11 AM",224.89090010820345
"Mar 5, 2020, 12 PM",207.70112098289667
"Mar 5, 2020, 1 PM",181.98233466245722
"Mar 5, 2020, 2 PM",149.24197631991876
"Mar 5, 2020, 3 PM",130.40215268161694
"Mar 5, 2020, 4 PM",132.66599287322995
"Mar 5, 2020, 5 PM",130.7923550391183
"Mar 5, 2020, 6 PM",127.08377840036157
"Mar 5, 2020, 7 PM",140.8252194943225
"Mar 5, 2020, 8 PM",167.0604423194662
"Mar 5, 2020, 9 PM",183.4470984662089
"Mar 5, 2020, 10 PM",177.11534882931218
"Mar 5, 2020, 11 PM",172.97586281233637
"Mar 6, 2020, 12 AM",183.72685768906757
"Mar 6, 2020, 1 AM",185.0211043170512
"Mar 6, 2020, 2 AM",181.43903610374252
"Mar 6, 2020, 3 AM",176.6695603082386
"Mar 6, 2020, 4 AM",168.3374223066526
"Mar 6, 2020, 5 AM",164.11063025230408
"Mar 6, 2020, 6 AM",168.98252023063856
"Mar 6, 2020, 7 AM",169.60603887769733
"Mar 6, 2020, 8 AM",136.85348265704272
"Mar 6, 2020, 9 AM",106.74650288754856
"Mar 6, 2020, 10 AM",99.2074830945792
"Mar 6, 2020, 11 AM",92.50565078682881
"Mar 6, 2020, 12 PM",94.84504134794653
"Mar 6, 2020, 1 PM",95.33215037566016
"Mar 6, 2020, 2 PM",99.44177106084642
"Mar 6, 2020, 3 PM",99.84709700884568
"Mar 6, 2020, 4 PM",97.92460327715618
"Mar 6, 2020, 5 PM",99.92863278324404
"Mar 6, 2020, 6 PM",107.08469055009803
"Mar 6, 2020, 7 PM",136.1994186784846
"Mar 6, 2020, 8 PM",166.44382388243886
"Mar 6, 2020, 9 PM",196.97802947078424
"Mar 6, 2020, 10 PM",199.45707012700328
"Mar 6, 2020, 11 PM",189.40948498253792
"Mar 7, 2020, 12 AM",186.74096585304082
"Mar 7, 2020, 1 AM",181.00306094687485
"Mar 7, 2020, 2 AM",251.93032234078802
"Mar 7, 2020, 3 AM",206.89914542790487
"Mar 7, 2020, 4 AM",204.64349509256505
"Mar 7, 2020, 5 AM",192.75810327607692
"Mar 7, 2020, 6 AM",197.0894990833541
"Mar 7, 2020, 7 AM",202.38382756944608
"Mar 7, 2020, 8 AM",191.64354639873594
"Mar 7, 2020, 9 AM",173.5302161315438
"Mar 7, 2020, 10 AM",186.12768723819642
"Mar 7, 2020, 11 AM",192.49673537284667
"Mar 7, 2020, 12 PM",192.32945629000642
"Mar 7, 2020, 1 PM",193.49436593130724
"Mar 7, 2020, 2 PM",201.16065482522413
"Mar 7, 2020, 3 PM",204.1106723240514
"Mar 7, 2020, 4 PM",206.72068249358753
"Mar 7, 2020, 5 PM",211.39079001584955
"Mar 7, 2020, 6 PM",213.45366518182144
"Mar 7, 2020, 7 PM",223.9884769448201
"Mar 7, 2020, 8 PM",231.78070860053822
"Mar 7, 2020, 9 PM",236.79617417179762
"Mar 7, 2020, 10 PM",244.51697525956322
"Mar 7, 2020, 11 PM",252.94638995135804
"Mar 8, 2020, 12 AM",260.7383867433278
"Mar 8, 2020, 1 AM",275.2861011860091
"Mar 8, 2020, 3 AM",281.6871990126411
"Mar 8, 2020, 4 AM",289.615241430344
"Mar 8, 2020, 5 AM",297.7223066917863
"Mar 8, 2020, 6 AM",302.01798990266013
"Mar 8, 2020, 7 AM",301.19005147879636
"Mar 8, 2020, 8 AM",305.5874916758519
"Mar 8, 2020, 9 AM",294.9383852576799
"Mar 8, 2020, 10 AM",268.40494555122194
"Mar 8, 2020, 11 AM",242.716637543056
"Mar 8, 2020, 12 PM",226.8221754871052
"Mar 8, 2020, 1 PM",219.09185014606106
"Mar 8, 2020, 2 PM",213.87679931900774
"Mar 8, 2020, 3 PM",211.97920781255212
"Mar 8, 2020, 4 PM",209.78928001918894
"Mar 8, 2020, 5 PM",210.79353283528485
"Mar 8, 2020, 6 PM",223.07007389032876
"Mar 8, 2020, 7 PM",239.81442969345105
"Mar 8, 2020, 8 PM",253.38012329326347
"Mar 8, 2020, 9 PM",261.3952626328036
"Mar 8, 2020, 10 PM",264.53546083563464
"Mar 8, 2020, 11 PM",268.38075470177563
"Mar 9, 2020, 12 AM",277.49005737172183
"Mar 9, 2020, 1 AM",287.544276873757
"Mar 9, 2020, 2 AM",295.07772128924495
"Mar 9, 2020, 3 AM",301.4661514811037
"Mar 9, 2020, 4 AM",309.619476191885
"Mar 9, 2020, 5 AM",314.2821472045117
"Mar 9, 2020, 6 AM",316.1684295981768
"Mar 9, 2020, 7 AM",323.6904214729271
"Mar 9, 2020, 8 AM",330.46936899806735
"Mar 9, 2020, 9 AM",327.0681532290539
"Mar 9, 2020, 10 AM",302.68466710357296
"Mar 9, 2020, 11 AM",272.9619925051769
"Mar 9, 2020, 12 PM",257.0407756842965
"Mar 9, 2020, 1 PM",245.71246647814866
"Mar 9, 2020, 2 PM",240.6950375108823
"Mar 9, 2020, 3 PM",227.98766133822565
"Mar 9, 2020, 4 PM",223.96933457246732
"Mar 9, 2020, 5 PM",241.26615098244568
"Mar 9, 2020, 6 PM",273.4856250376223
"Mar 9, 2020, 7 PM",289.17603010510334
"Mar 9, 2020, 8 PM",293.4891217906449
"Mar 9, 2020, 9 PM",300.2458098641893
"Mar 9, 2020, 10 PM",305.60881340260954
"Mar 9, 2020, 11 PM",301.44885870329455
"Mar 10, 2020, 12 AM",301.9737429838005
"Mar 10, 2020, 1 AM",306.26122856242114
"Mar 10, 2020, 2 AM",310.9685976465329
"Mar 10, 2020, 3 AM",314.1321164208764
"Mar 10, 2020, 4 AM",314.39698236803764
"Mar 10, 2020, 5 AM",319.1145179624755
"Mar 10, 2020, 6 AM",327.3230403586001
"Mar 10, 2020, 7 AM",340.00721099564464
"Mar 10, 2020, 8 AM",343.9847527378883
"Mar 10, 2020, 9 AM",322.08927624747685
"Mar 10, 2020, 10 AM",301.40398571114514
"Mar 10, 2020, 11 AM",283.5622923254825
"Mar 10, 2020, 12 PM",260.4834863557359
"Mar 10, 2020, 1 PM",245.17524324381384
"Mar 10, 2020, 2 PM",235.29619385971066
"Mar 10, 2020, 3 PM",234.65329195016628
"Mar 10, 2020, 4 PM",238.22881599611586
"Mar 10, 2020, 5 PM",233.47327046009713
"Mar 10, 2020, 6 PM",230.13615587228617
"Mar 10, 2020, 7 PM",250.78592274031857
"Mar 10, 2020, 8 PM",282.9599853674191
"Mar 10, 2020, 9 PM",273.16753871200183
"Mar 10, 2020, 10 PM",266.5019343691692
"Mar 10, 2020, 11 PM",273.15671410075083
"Mar 11, 2020, 12 AM",276.22671991333027
"Mar 11, 2020, 1 AM",274.76025390370336
"Mar 11, 2020, 2 AM",276.015544559717
"Mar 11, 2020, 3 AM",278.56248059850026
"Mar 11, 2020, 4 AM",279.6769538937789
"Mar 11, 2020, 5 AM",291.4093659446305
"Mar 11, 2020, 6 AM",305.94197241681354
"Mar 11, 2020, 7 AM",305.1667058651105
"Mar 11, 2020, 8 AM",308.603175515762
"Mar 11, 2020, 9 AM",305.6548935475754
"Mar 11, 2020, 10 AM",292.5371905096622
"Mar 11, 2020, 11 AM",260.1938071016694
"Mar 11, 2020, 12 PM",240.80010149489237
"Mar 11, 2020, 1 PM",229.10484692440136
"Mar 11, 2020, 2 PM",226.20120117950066
"Mar 11, 2020, 3 PM",223.7652715576135
"Mar 11, 2020, 4 PM",224.8592380876922
"Mar 11, 2020, 5 PM",228.00965523039295
"Mar 11, 2020, 6 PM",228.02826108930262
"Mar 11, 2020, 7 PM",234.5329763927516
"Mar 11, 2020, 8 PM",249.13184303942583
"Mar 11, 2020, 9 PM",267.4299886610786
"Mar 11, 2020, 10 PM",276.7875412633348
"Mar 11, 2020, 11 PM",281.45530494978
"Mar 12, 2020, 12 AM",276.1837686670965
"Mar 12, 2020, 1 AM",276.6127387548457
"Mar 12, 2020, 2 AM",276.2731869521686
"Mar 12, 2020, 3 AM",274.41231179474255
"Mar 12, 2020, 4 AM",273.05849179180984
"Mar 12, 2020, 5 AM",271.6497063428889
"Mar 12, 2020, 6 AM",271.4283729158877
"Mar 12, 2020, 7 AM",272.3024508001459
"Mar 12, 2020, 8 AM",271.3792916315367
"Mar 12, 2020, 9 AM",258.75692258870856
"Mar 12, 2020, 10 AM",242.82398189112922
"Mar 12, 2020, 11 AM",230.25028577102037
"Mar 12, 2020, 12 PM",222.98643370253035
"Mar 12, 2020, 1 PM",222.0880100160167
"Mar 12, 2020, 2 PM",293.2767233082418
"Mar 12, 2020, 3 PM",225.74737629712604
"Mar 12, 2020, 4 PM",225.3720442207299
"Mar 12, 2020, 5 PM",225.76895394396522
"Mar 12, 2020, 6 PM",227.88159938497404
"Mar 12, 2020, 7 PM",233.1667215484396
"Mar 12, 2020, 8 PM",252.88239577640059
"Mar 12, 2020, 9 PM",266.6174006433216
"Mar 12, 2020, 10 PM",271.98478777368683
"Mar 12, 2020, 11 PM",278.7714220978103
"Mar 13, 2020, 12 AM",281.78923534117536
"Mar 13, 2020, 1 AM",284.16263278893825
"Mar 13, 2020, 2 AM",283.63895927707955
"Mar 13, 2020, 3 AM",284.1765368628116
"Mar 13, 2020, 4 AM",286.0624540575873
"Mar 13, 2020, 5 AM",288.37636950788306
"Mar 13, 2020, 6 AM",292.2475564534777
"Mar 13, 2020, 7 AM",295.81607027872224
"Mar 13, 2020, 8 AM",296.423135691346
"Mar 13, 2020, 9 AM",287.860241408256
"Mar 13, 2020, 10 AM",268.3201806165523
"Mar 13, 2020, 11 AM",257.5556856572556
"Mar 13, 2020, 12 PM",246.51407803952847
"Mar 13, 2020, 1 PM",231.23838222397222
"Mar 13, 2020, 2 PM",231.01091875885376
"Mar 13, 2020, 3 PM",233.84911917545605
"Mar 13, 2020, 4 PM",239.16654267132787
"Mar 13, 2020, 5 PM",239.34158632266903
"Mar 13, 2020, 6 PM",238.8453268330234
"Mar 13, 2020, 7 PM",238.87457649189628
"Mar 13, 2020, 8 PM",259.21670542135104
"Mar 13, 2020, 9 PM",283.5891427738432
"Mar 13, 2020, 10 PM",293.2227327040099
"Mar 13, 2020, 11 PM",297.67942348537537
"Mar 14, 2020, 12 AM",301.5487653361375
"Mar 14, 2020, 1 AM",303.0379337516561
"Mar 14, 2020, 2 AM",296.49151586880186
"Mar 14, 2020, 3 AM",295.2069853177975
"Mar 14, 2020, 4 AM",294.9237751583075
"Mar 14, 2020, 5 AM",301.01887704136703
"Mar 14, 2020, 6 AM",298.69761522734973
"Mar 14, 2020, 7 AM",294.23374386089273
"Mar 14, 2020, 8 AM",294.68769128633454
"Mar 14, 2020, 9 AM",284.5266850150849
"Mar 14, 2020, 10 AM",267.4064006321931
"Mar 14, 2020, 11 AM",258.7688493466149
"Mar 14, 2020, 12 PM",248.1769732144202
"Mar 14, 2020, 1 PM",247.20604529808304
"Mar 14, 2020, 2 PM",249.33154545150887
"Mar 14, 2020, 3 PM",251.17481255131804
"Mar 14, 2020, 4 PM",245.69250265750946
"Mar 14, 2020, 5 PM",246.7392624940502
"Mar 14, 2020, 6 PM",251.18418349988104
"Mar 14, 2020, 7 PM",276.77933891960265
"Mar 14, 2020, 8 PM",293.9755546580394
"Mar 14, 2020, 9 PM",300.6516067411868
"Mar 14, 2020, 10 PM",303.71986132069645
"Mar 14, 2020, 11 PM",298.86403694197617
"Mar 15, 2020, 12 AM",304.4304334996257
"Mar 15, 2020, 1 AM",303.89115960723865
"Mar 15, 2020, 2 AM",305.31674227661125
"Mar 15, 2020, 3 AM",311.33676272190013
"Mar 15, 2020, 4 AM",302.1767055808799
"Mar 15, 2020, 5 AM",306.86422978146805
"Mar 15, 2020, 6 AM",306.25214520082073
"Mar 15, 2020, 7 AM",315.6007086704167
"Mar 15, 2020, 8 AM",318.77540747883666
"Mar 15, 2020, 9 AM",321.66873079800575
"Mar 15, 2020, 10 AM",312.39558721187535
"Mar 15, 2020, 11 AM",293.1402989983498
"Mar 15, 2020, 12 PM",263.849037583901
"Mar 15, 2020, 1 PM",256.7415014932953
"Mar 15, 2020, 2 PM",250.5484976619404
"Mar 15, 2020, 3 PM",238.34101850449733
"Mar 15, 2020, 4 PM",233.31788555476402
"Mar 15, 2020, 5 PM",238.33626850838633
"Mar 15, 2020, 6 PM",241.5584616961001
"Mar 15, 2020, 7 PM",248.24530759135544
"Mar 15, 2020, 8 PM",269.9563958605994
"Mar 15, 2020, 9 PM",276.63152540528455
"Mar 15, 2020, 10 PM",279.06037643616463
"Mar 15, 2020, 11 PM",281.7241431589974
"Mar 16, 2020, 12 AM",279.3211224165344
"Mar 16, 2020, 1 AM",272.7315532114876
"Mar 16, 2020, 2 AM",267.6523532996344
"Mar 16, 2020, 3 AM",265.5813663482257
"Mar 16, 2020, 4 AM",266.26924798496145
"Mar 16, 2020, 5 AM",271.2405907808779
"Mar 16, 2020, 6 AM",275.0191325361634
"Mar 16, 2020, 7 AM",278.5611676340391
"Mar 16, 2020, 8 AM",299.96588792895426
"Mar 16, 2020, 9 AM",292.4276923120788
"Mar 16, 2020, 10 AM",271.3122625694426
"Mar 16, 2020, 11 AM",264.7345443874459
"Mar 16, 2020, 12 PM",255.7493417794062
"Mar 16, 2020, 1 PM",258.3654521218797
"Mar 16, 2020, 2 PM",262.9228352295272
"Mar 16, 2020, 3 PM",266.9970218061016
"Mar 16, 2020, 4 PM",272.60721805574
"Mar 16, 2020, 5 PM",276.05586526976055
"Mar 16, 2020, 6 PM",275.22819262888476
"Mar 16, 2020, 7 PM",295.0001846234724
"Mar 16, 2020, 8 PM",301.1313243637235
"Mar 16, 2020, 9 PM",313.67516375071455
"Mar 16, 2020, 10 PM",308.3566939870474
"Mar 16, 2020, 11 PM",310.12376124107186
"Mar 17, 2020, 12 AM",314.5472767768263
"Mar 17, 2020, 1 AM",318.1553936961033
"Mar 17, 2020, 2 AM",321.41916521278586
"Mar 17, 2020, 3 AM",321.74208419477515
"Mar 17, 2020, 4 AM",328.65705886797645
"Mar 17, 2020, 5 AM",335.4301983972008
"Mar 17, 2020, 6 AM",339.74078970673366
"Mar 17, 2020, 7 AM",338.39537530463247
"Mar 17, 2020, 8 AM",344.8851126325245
"Mar 17, 2020, 9 AM",330.1672027549573
"Mar 17, 2020, 10 AM",315.5112680580849
"Mar 17, 2020, 11 AM",293.11646344313857
"Mar 17, 2020, 12 PM",274.1800935124058
"Mar 17, 2020, 1 PM",268.96263920777113
"Mar 17, 2020, 2 PM",255.93709766506643
"Mar 17, 2020, 3 PM",252.29957964971112
"Mar 17, 2020, 4 PM",251.21735520869558
"Mar 17, 2020, 5 PM",250.38684954511695
"Mar 17, 2020, 6 PM",245.30306211401896
"Mar 17, 2020, 7 PM",261.8488099194727
"Mar 17, 2020, 8 PM",281.5851041985409
"Mar 17, 2020, 9 PM",293.0682413927585
"Mar 17, 2020, 10 PM",300.5450973680504
"Mar 17, 2020, 11 PM",303.63559065356793
"Mar 18, 2020, 12 AM",305.2131769457057
"Mar 18, 2020, 1 AM",305.8081198417264
"Mar 18, 2020, 2 AM",301.426104952106
"Mar 18, 2020, 3 AM",303.0320242792045
"Mar 18, 2020, 4 AM",305.8871178562966
"Mar 18, 2020, 5 AM",303.72216098894813
"Mar 18, 2020, 6 AM",305.3056464978252
"Mar 18, 2020, 7 AM",311.09079664344296
"Mar 18, 2020, 8 AM",307.0664969337985
"Mar 18, 2020, 9 AM",296.0252508991298
"Mar 18, 2020, 10 AM",271.73355383830744
"Mar 18, 2020, 11 AM",260.89828301939326
"Mar 18, 2020, 12 PM",255.4898435273297
"Mar 18, 2020, 1 PM",249.86755962520309
"Mar 18, 2020, 2 PM",253.17133438783594
"Mar 18, 2020, 3 PM",253.4096267212358
"Mar 18, 2020, 4 PM",249.9227648285734
"Mar 18, 2020, 5 PM",250.45755958618165
"Mar 18, 2020, 6 PM",254.2541090702504
"Mar 18, 2020, 7 PM",261.7623691082631
"Mar 18, 2020, 8 PM",275.79362641622794
"Mar 18, 2020, 9 PM",288.95275774397464
"Mar 18, 2020, 10 PM",297.2464409040833
"Mar 18, 2020, 11 PM",302.55455945770933
"Mar 19, 2020, 12 AM",299.3660755266207
"Mar 19, 2020, 1 AM",298.4103267669945
"Mar 19, 2020, 2 AM",297.48273114727516
"Mar 19, 2020, 3 AM",295.7971638971278
"Mar 19, 2020, 4 AM",292.78141202897444
"Mar 19, 2020, 5 AM",293.36488807728654
"Mar 19, 2020, 6 AM",292.1116692116049
"Mar 19, 2020, 7 AM",293.8559740260514
"Mar 19, 2020, 8 AM",288.45323964684536
"Mar 19, 2020, 9 AM",277.147889258841
"Mar 19, 2020, 10 AM",267.3932201078399
"Mar 19, 2020, 11 AM",259.98656330353435
"Mar 19, 2020, 12 PM",252.29053723713093
"Mar 19, 2020, 1 PM",248.60553370716926
"Mar 19, 2020, 2 PM",250.51526357978818
"Mar 19, 2020, 3 PM",258.52566040448414
"Mar 19, 2020, 4 PM",258.1306694924927
"Mar 19, 2020, 5 PM",260.7707118495245
"Mar 19, 2020, 6 PM",268.11327220851075
"Mar 19, 2020, 7 PM",292.4002495309116
"Mar 19, 2020, 8 PM",291.7874923607603
"Mar 19, 2020, 9 PM",309.77179740456216
"Mar 19, 2020, 10 PM",310.0205576879881
"Mar 19, 2020, 11 PM",307.84162133087136
"Mar 20, 2020, 12 AM",306.1610169015142
"Mar 20, 2020, 1 AM",306.4759016294862
"Mar 20, 2020, 2 AM",307.5658697852459
"Mar 20, 2020, 3 AM",309.63558399219687
"Mar 20, 2020, 4 AM",310.5006894128683
"Mar 20, 2020, 5 AM",310.0773764859606
"Mar 20, 2020, 6 AM",316.943660332111
"Mar 20, 2020, 7 AM",318.77547282012944
"Mar 20, 2020, 8 AM",323.319749012942
"Mar 20, 2020, 9 AM",341.0760035782589
"Mar 20, 2020, 10 AM",340.1897746010821
"Mar 20, 2020, 11 AM",304.5285523324984
"Mar 20, 2020, 12 PM",298.1691062193765
"Mar 20, 2020, 1 PM",300.31006749170723
"Mar 20, 2020, 2 PM",296.11598573431934
"Mar 20, 2020, 3 PM",290.43778398690927
"Mar 20, 2020, 4 PM",315.01207313236404
"Mar 20, 2020, 5 PM",319.9270926173798
"Mar 20, 2020, 6 PM",297.61637573573256
"Mar 20, 2020, 7 PM",286.10521827629424
"Mar 20, 2020, 8 PM",277.81050451952063
"Mar 20, 2020, 9 PM",283.9980951728092
"Mar 20, 2020, 10 PM",282.59069471276996
"Mar 20, 2020, 11 PM",278.95898607314405
"Mar 21, 2020, 12 AM",274.12485771757713
"Mar 21, 2020, 1 AM",271.23735417231694
"Mar 21, 2020, 2 AM",265.07511281813254
"Mar 21, 2020, 3 AM",262.5440464069799
"Mar 21, 2020, 4 AM",266.49818771510246
"Mar 21, 2020, 5 AM",262.9922277677918
"Mar 21, 2020, 6 AM",260.0455264642202
"Mar 21, 2020, 7 AM",260.05608695335064
"Mar 21, 2020, 8 AM",267.19168389828235
"Mar 21, 2020, 9 AM",265.57324253064377
"Mar 21, 2020, 10 AM",262.1004916831573
"Mar 21, 2020, 11 AM",257.26716000511504
"Mar 21, 2020, 12 PM",259.99096952324254
"Mar 21, 2020, 1 PM",260.7495831365305
"Mar 21, 2020, 2 PM",267.5982769101483
"Mar 21, 2020, 3 PM",286.03569333735607
"Mar 21, 2020, 4 PM",290.9561374486243
"Mar 21, 2020, 5 PM",296.26831743830815
"Mar 21, 2020, 6 PM",307.7822484223279
"Mar 21, 2020, 7 PM",318.2531287562295
"Mar 21, 2020, 8 PM",316.29770053036236
"Mar 21, 2020, 9 PM",316.42882101753565
"Mar 21, 2020, 10 PM",312.9120724290798
"Mar 21, 2020, 11 PM",310.0518467097472
"Mar 22, 2020, 12 AM",303.38357848040386
"Mar 22, 2020, 1 AM",302.10924894943906
"Mar 22, 2020, 2 AM",304.50429194587707
"Mar 22, 2020, 3 AM",313.1646540107197
"Mar 22, 2020, 4 AM",310.84039889720094
"Mar 22, 2020, 5 AM",319.28376004669184
"Mar 22, 2020, 6 AM",297.6665896239903
"Mar 22, 2020, 7 AM",308.31924454670786
"Mar 22, 2020, 8 AM",327.26686073766285
"Mar 22, 2020, 9 AM",327.5167893057982
"Mar 22, 2020, 10 AM",320.7341166369561
"Mar 22, 2020, 11 AM",305.36197499665633
"Mar 22, 2020, 12 PM",307.2700473182015
"Mar 22, 2020, 1 PM",302.55328709408957
"Mar 22, 2020, 2 PM",307.47813742506605
"Mar 22, 2020, 3 PM",303.53516182672433
"Mar 22, 2020, 4 PM",276.0814421221938
"Mar 22, 2020, 5 PM",287.6994752112145
"Mar 22, 2020, 6 PM",285.296742749184
"Mar 22, 2020, 7 PM",282.7002727328854
"Mar 22, 2020, 8 PM",289.8806628604508
"Mar 22, 2020, 9 PM",309.5645051238632
"Mar 22, 2020, 10 PM",320.3444301405717
"Mar 22, 2020, 11 PM",323.21099114357025
"Mar 23, 2020, 12 AM",324.3234821130425
"Mar 23, 2020, 1 AM",324.401338859774
"Mar 23, 2020, 2 AM",324.8852259691621
"Mar 23, 2020, 3 AM",327.77113311749684
"Mar 23, 2020, 4 AM",326.98523394354794
"Mar 23, 2020, 5 AM",326.2090109208944
"Mar 23, 2020, 6 AM",324.83347885096686
"Mar 23, 2020, 7 AM",326.31725851272574
"Mar 23, 2020, 8 AM",334.49485164950823
"Mar 23, 2020, 9 AM",329.1132369594408
"Mar 23, 2020, 10 AM",300.80634473560514
"Mar 23, 2020, 11 AM",280.047068890776
"Mar 23, 2020, 12 PM",267.16767376773254
"Mar 23, 2020, 1 PM",261.75014307323954
"Mar 23, 2020, 2 PM",260.9958467302272
"Mar 23, 2020, 3 PM",268.5540269588968
"Mar 23, 2020, 4 PM",263.0650399909774
"Mar 23, 2020, 5 PM",259.4873288132908
"Mar 23, 2020, 6 PM",257.3745309938448
"Mar 23, 2020, 7 PM",264.44002547308895
"Mar 23, 2020, 8 PM",275.4415916344619
"Mar 23, 2020, 9 PM",282.4872619923866
"Mar 23, 2020, 10 PM",292.1768059785462
"Mar 23, 2020, 11 PM",296.3034395728734
"Mar 24, 2020, 12 AM",301.1050794705466
"Mar 24, 2020, 1 AM",301.0135633958568
"Mar 24, 2020, 2 AM",300.96779182272877
"Mar 24, 2020, 3 AM",307.3553304870141
"Mar 24, 2020, 4 AM",305.3954109593732
"Mar 24, 2020, 5 AM",305.8653733516328
"Mar 24, 2020, 6 AM",300.7345741457798
"Mar 24, 2020, 7 AM",305.43557689765913
"Mar 24, 2020, 8 AM",303.2454116512397
"Mar 24, 2020, 9 AM",292.3352042916472
"Mar 24, 2020, 10 AM",270.734832420442
"Mar 24, 2020, 11 AM",262.80982473266613
"Mar 24, 2020, 12 PM",251.46575555913515
"Mar 24, 2020, 1 PM",237.18137137083636
"Mar 24, 2020, 2 PM",236.45443406845084
"Mar 24, 2020, 3 PM",242.49386203897214
"Mar 24, 2020, 4 PM",248.13910350976036
"Mar 24, 2020, 5 PM",254.81793609560097
"Mar 24, 2020, 6 PM",260.09355914713456
"Mar 24, 2020, 7 PM",265.29670480004336
"Mar 24, 2020, 8 PM",273.60063494637126
"Mar 24, 2020, 9 PM",281.2084027097141
"Mar 24, 2020, 10 PM",289.3444852008297
"Mar 24, 2020, 11 PM",293.0668548995569
"Mar 25, 2020, 12 AM",296.4183656410486
"Mar 25, 2020, 1 AM",298.39271993587323
"Mar 25, 2020, 2 AM",296.4301654424385
"Mar 25, 2020, 3 AM",292.8421296849855
"Mar 25, 2020, 4 AM",290.04087743931655
"Mar 25, 2020, 5 AM",288.0624886577972
"Mar 25, 2020, 6 AM",290.30049633909147
"Mar 25, 2020, 7 AM",288.71284823364266
"Mar 25, 2020, 8 AM",294.65895278013807
"Mar 25, 2020, 9 AM",282.84368494614955
"Mar 25, 2020, 10 AM",286.0472116442871
"Mar 25, 2020, 11 AM",285.34043234587284
"Mar 25, 2020, 12 PM",280.9209707745626
"Mar 25, 2020, 1 PM",280.7151368803407
"Mar 25, 2020, 2 PM",275.78113997851835
"Mar 25, 2020, 3 PM",278.0332364764272
"Mar 25, 2020, 4 PM",277.2050940568343
"Mar 25, 2020, 5 PM",281.79552288277665
"Mar 25, 2020, 6 PM",278.2398819996129
"Mar 25, 2020, 7 PM",273.78848433704906
"Mar 25, 2020, 8 PM",276.5315646985798
"Mar 25, 2020, 9 PM",282.632415798371
"Mar 25, 2020, 10 PM",277.947014498904
"Mar 25, 2020, 11 PM",279.73739182209516
"Mar 26, 2020, 12 AM",287.2538014927621
"Mar 26, 2020, 1 AM",293.5600276624463
"Mar 26, 2020, 2 AM",296.3940764662171
"Mar 26, 2020, 3 AM",299.43324709381113
"Mar 26, 2020, 4 AM",301.0452422850038
"Mar 26, 2020, 5 AM",305.7201653369673
"Mar 26, 2020, 6 AM",306.15843079236913
"Mar 26, 2020, 7 AM",304.23372879433686
"Mar 26, 2020, 8 AM",295.920770090949
"Mar 26, 2020, 9 AM",289.0182348391792
"Mar 26, 2020, 10 AM",280.10258829920895
"Mar 26, 2020, 11 AM",274.67234018471083
"Mar 26, 2020, 12 PM",273.48168241979846
"Mar 26, 2020, 1 PM",272.0516917155747
"Mar 26, 2020, 2 PM",288.28954175234577
"Mar 26, 2020, 3 PM",274.5171195578533
"Mar 26, 2020, 4 PM",275.4330357303653
"Mar 26, 2020, 5 PM",273.0460596649237
"Mar 26, 2020, 6 PM",272.67890734702087
"Mar 26, 2020, 7 PM",278.1325629354859
"Mar 26, 2020, 8 PM",288.93726636239745
"Mar 26, 2020, 9 PM",302.34350050239897
"Mar 26, 2020, 10 PM",306.5280633814007
"Mar 26, 2020, 11 PM",313.58356716353035
"Mar 27, 2020, 12 AM",313.01239836494125
"Mar 27, 2020, 1 AM",313.6530882351023
"Mar 27, 2020, 2 AM",315.77933159918086
"Mar 27, 2020, 3 AM",313.85726843430905
"Mar 27, 2020, 4 AM",312.5838064825905
"Mar 27, 2020, 5 AM",307.6501527360535
"Mar 27, 2020, 6 AM",305.290691695026
"Mar 27, 2020, 7 AM",308.6235044594343
"Mar 27, 2020, 8 AM",308.00658084630567
"Mar 27, 2020, 9 AM",288.02904496034716
"Mar 27, 2020, 10 AM",272.5432104760079
"Mar 27, 2020, 11 AM",258.31447855285643
"Mar 27, 2020, 12 PM",253.4425439065459
"Mar 27, 2020, 1 PM",246.83611088928237
"Mar 27, 2020, 2 PM",246.72218674957944
"Mar 27, 2020, 3 PM",244.5827401958432
"Mar 27, 2020, 4 PM",240.45963106163353
"Mar 27, 2020, 5 PM",244.3609609002487
"Mar 27, 2020, 6 PM",259.96144733555025
"Mar 27, 2020, 7 PM",271.32465610650775
"Mar 27, 2020, 8 PM",284.43092311073644
"Mar 27, 2020, 9 PM",324.4251197416753
"Mar 27, 2020, 10 PM",356.7860847380996
"Mar 27, 2020, 11 PM",430.8050622565894
"Mar 28, 2020, 12 AM",439.4006790518585
"Mar 28, 2020, 1 AM",426.09757082115533
"Mar 28, 2020, 2 AM",410.7280693031377
"Mar 28, 2020, 3 AM",437.19082064310476
"Mar 28, 2020, 4 AM",448.6977033733003
"Mar 28, 2020, 5 AM",351.3375852313764
"Mar 28, 2020, 6 AM",323.3005216082001
"Mar 28, 2020, 7 AM",320.2273562512607
"Mar 28, 2020, 8 AM",314.5067514070527
"Mar 28, 2020, 9 AM",299.1592577833757
"Mar 28, 2020, 10 AM",282.21707486874766
"Mar 28, 2020, 11 AM",273.116296199321
"Mar 28, 2020, 12 PM",267.03255980937803
"Mar 28, 2020, 1 PM",270.88972818850317
"Mar 28, 2020, 2 PM",278.5966602287891
"Mar 28, 2020, 3 PM",281.01401961555797
"Mar 28, 2020, 4 PM",266.5631581852789
"Mar 28, 2020, 5 PM",239.64220769320278
"Mar 28, 2020, 6 PM",227.06015887881838
"Mar 28, 2020, 7 PM",221.48888801826146
"Mar 28, 2020, 8 PM",216.83820433118072
"Mar 28, 2020, 9 PM",221.7481098683964
"Mar 28, 2020, 10 PM",224.1063630019147
"Mar 28, 2020, 11 PM",219.51929491756937
"Mar 29, 2020, 12 AM",224.5559327699613
"Mar 29, 2020, 1 AM",233.80368039499035
"Mar 29, 2020, 2 AM",237.7375799061981
"Mar 29, 2020, 3 AM",245.78051907183433
"Mar 29, 2020, 4 AM",257.97913704427305
"Mar 29, 2020, 5 AM",265.60932506125414
"Mar 29, 2020, 6 AM",267.76019581600025
"Mar 29, 2020, 7 AM",267.95469728566724
"Mar 29, 2020, 8 AM",244.20080035708878
"Mar 29, 2020, 9 AM",219.69571833671574
"Mar 29, 2020, 10 AM",200.8627418952942
"Mar 29, 2020, 11 AM",179.20164721158895
"Mar 29, 2020, 12 PM",141.64564089318327
"Mar 29, 2020, 1 PM",149.24334689788157
"Mar 29, 2020, 2 PM",158.2331579276177
"Mar 29, 2020, 3 PM",158.13730008933027
"Mar 29, 2020, 4 PM",166.51324260332703
"Mar 29, 2020, 5 PM",164.60435696791282
"Mar 29, 2020, 6 PM",167.79267846960317
"Mar 29, 2020, 7 PM",183.67677694722056
"Mar 29, 2020, 8 PM",197.03679975379941
"Mar 29, 2020, 9 PM",202.7452058041713
"Mar 29, 2020, 10 PM",219.29311971524456
"Mar 29, 2020, 11 PM",251.41118830517988
"Mar 30, 2020, 12 AM",258.1957869226008
"Mar 30, 2020, 1 AM",248.2816714021433
"Mar 30, 2020, 2 AM",241.51218258612587
"Mar 30, 2020, 3 AM",250.8197815770423
"Mar 30, 2020, 4 AM",258.0354549261873
"Mar 30, 2020, 5 AM",259.1135426725041
"Mar 30, 2020, 6 AM",267.7094817483255
"Mar 30, 2020, 7 AM",285.52964970360796
"Mar 30, 2020, 8 AM",309.04945364125786
"Mar 30, 2020, 9 AM",328.8175329508109
"Mar 30, 2020, 10 AM",334.42973164115574
"Mar 30, 2020, 11 AM",311.7186198472197
"Mar 30, 2020, 12 PM",287.45433080429075
"Mar 30, 2020, 1 PM",259.50052813558176
"Mar 30, 2020, 2 PM",249.39142772462927
"Mar 30, 2020, 3 PM",250.34454538582858
"Mar 30, 2020, 4 PM",243.53731236067398
"Mar 30, 2020, 5 PM",250.66840382348775
"Mar 30, 2020, 6 PM",258.07066214281843
"Mar 30, 2020, 7 PM",260.8124716743404
"Mar 30, 2020, 8 PM",277.5699955673615
"Mar 30, 2020, 9 PM",293.978301410642
"Mar 30, 2020, 10 PM",302.037720714589
"Mar 30, 2020, 11 PM",311.30947050601486
"Mar 31, 2020, 12 AM",310.68329040740963
"Mar 31, 2020, 1 AM",313.4145928918324
"Mar 31, 2020, 2 AM",311.4256423320605
"Mar 31, 2020, 3 AM",308.30667818342124
"Mar 31, 2020, 4 AM",304.4643063490032
"Mar 31, 2020, 5 AM",303.2612510958133
"Mar 31, 2020, 6 AM",305.78969285414996
"Mar 31, 2020, 7 AM",301.0971578145767
"Mar 31, 2020, 8 AM",288.5914090542538
"Mar 31, 2020, 9 AM",254.6610370316281
"Mar 31, 2020, 10 AM",240.19184815091333
"Mar 31, 2020, 11 AM",234.34747597260846
"Mar 31, 2020, 12 PM",226.63992644278488
"Mar 31, 2020, 1 PM",219.45769292372339
"Mar 31, 2020, 2 PM",213.53500399301953
"Mar 31, 2020, 3 PM",210.39703050483706
"Mar 31, 2020, 4 PM",205.7809674272421
"Mar 31, 2020, 5 PM",203.12396151107123
"Mar 31, 2020, 6 PM",205.38222998798295
"Mar 31, 2020, 7 PM",206.98044567526694
"Mar 31, 2020, 8 PM",210.4607237047949
"Mar 31, 2020, 9 PM",213.4814950344309
"Mar 31, 2020, 10 PM",217.27848166953967
"Mar 31, 2020, 11 PM",231.51309976375896